Isabella Adair,U,Ireland
Mary Abbey,U,Ireland
Bridget Abbott,U,Ireland
Bridget Mary Abbott,U,Ireland
Herbert Alexander Abbott,U,Ireland
John Henry Abbott,U,Ireland
Mary Abby,U,Ireland
Annie Josephine Abercrombie,U,Ireland
Thomas Robert Abernethy,U,Ireland
John Acton,U,Ireland
Mary Acton,U,Ireland
Patrick Acton,U,Ireland
Andrew Adair,U,Ireland
Ellen Jane Adair,U,Ireland
Fanny Maggie Adair,U,Ireland
Florence Adair,U,Ireland
Francis Thomas Adair,U,Ireland
James Apperson Adair,U,Ireland
Mabel Adair,U,Ireland
Mary Ann Adair,U,Ireland
Robert Adair,U,Ireland
Sarah Caroline Adair,U,Ireland
Andrew Adam,U,Ireland
Alice Stewart Adams,U,Ireland
Anna Mary Adams,U,Ireland
Dorothy Adams,U,Ireland
Eliza Adams,U,Ireland
Florence Adams,U,Ireland
Frederic Arthur Adams,U,Ireland
Harriet Adams,U,Ireland
Henrietta Adams,U,Ireland
James Adams,U,Ireland
Janetta Adams,U,Ireland
John Adams,U,Ireland
John Adams,U,Ireland
Margaret Adams,U,Ireland
Margaret Eileen Adams,U,Ireland
Margaret Jane G Adams,U,Ireland
Martha Ann Adams,U,Ireland
Susan Wellcar Adams,U,Ireland
Thomas Adams,U,Ireland
Thomas Frederick Adams,U,Ireland
William Joseph Adams,U,Ireland
Georgina Adamson,U,Ireland
John Adamson,U,Ireland
Joseph Adamson,U,Ireland
Joseph Patrick Adamson,U,Ireland
Teresa Adamson,U,Ireland
Mary Jane Adams,U,Ireland
Mary Josephine Adams,U,Ireland
Samuel Adams,U,Ireland
Charles,U,Ireland
James Price M'Adam,U,Ireland
Mary Josephine M'Carren,U,Ireland
Bernard M'Carron,U,Ireland
Daniel M'Carron,U,Ireland
James M'Carron,U,Ireland
Patrick M'Carron,U,Ireland
Francis John M'Adam,U,Ireland
Michael John M'Adam,U,Ireland
William David M'Adam,U,Ireland
Anne M'Cabe,U,Ireland
Annie M'Cabe,U,Ireland
Annie M'Cabe,U,Ireland
Annie M'Cabe,U,Ireland
Bridget M'Cabe,U,Ireland
Bridget M'Cabe,U,Ireland
Denis M'Cabe,U,Ireland
Edward M'Cabe,U,Ireland
Edward M'Cabe,U,Ireland
Edward M'Cabe,U,Ireland
Edward Alphonsus M'Cabe,U,Ireland
Harriett Elizabeth M'Cabe,U,Ireland
Helena Margaret M'Cabe,U,Ireland
Isabella Jane M'Cabe,U,Ireland
James M'Cabe,U,Ireland
James M'Cabe,U,Ireland
James M'Cabe,U,Ireland
James M'Cabe,U,Ireland
James M'Cabe,U,Ireland
James Patrick M'Cabe,U,Ireland
John M'Cabe,U,Ireland
John M'Cabe,U,Ireland
John M'Cabe,U,Ireland
John M'Cabe,U,Ireland
John James M'Cabe,U,Ireland
Margaret M'Cabe,U,Ireland
Margaret M'Cabe,U,Ireland
Mary Anne M'Cabe,U,Ireland
Mary Kate M'Cabe,U,Ireland
Michael M'Cabe,U,Ireland
Patrick M'Cabe,U,Ireland
Patrick M'Cabe,U,Ireland
Patrick Francis M'Cabe,U,Ireland
Patrick Joseph M'Cabe,U,Ireland
Sarah M'Cabe,U,Ireland
Sarah Jane M'Cabe,U,Ireland
Teresa M'Cabe,U,Ireland
Thomas M'Cabe,U,Ireland
Thomas James M'Cabe,U,Ireland
Veronica M'Cabe,U,Ireland
Male M'Cabe,U,Ireland
Thomas Abbey,U,Ireland
Elizabeth Mary Abbott,U,Ireland
John Joseph Abbott,U,Ireland
Margaret Abbott,U,Ireland
Mary Elizabeth Abbott,U,Ireland
Sarah Jane Abbott,U,Ireland
Walter Edgar Abbott,U,Ireland
Male Abbott,U,Ireland
Female Abbott,U,Ireland
Margaret Sarah Abernethy,U,Ireland
Evelyn I K M Abraham,U,Ireland
Robert Abraham,U,Ireland
Isabella Acton,U,Ireland
Mary Acton,U,Ireland
Mary Acton,U,Ireland
Norah Acton,U,Ireland
Thomas Joseph Acton,U,Ireland
David Adair,U,Ireland
Mary Adair,U,Ireland
Sarah Adair,U,Ireland
William Adair,U,Ireland
Annie Adams,U,Ireland
Beatrice Josephine Adams,U,Ireland
Bryce Adams,U,Ireland
Emily Adams,U,Ireland
Florence Hilda Grace Adams,U,Ireland
Hannah Adams,U,Ireland
Isabella Adams,U,Ireland
Jane Adams,U,Ireland
John Alexander Adams,U,Ireland
John William Adams,U,Ireland
Joseph Adams,U,Ireland
Joseph Adams,U,Ireland
Joseph Adams,U,Ireland
Joseph Richard Adams,U,Ireland
Kate Anne Adams,U,Ireland
William *Ipe,U,Ireland
Alexander Joseph M'Cabe,U,Ireland
Annie Josephine M'Cabe,U,Ireland
Annie Maria M'Cabe,U,Ireland
Bernard M'Cabe,U,Ireland
Bridget M'Cabe,U,Ireland
Bridget Mary Gabriel M'Cabe,U,Ireland
Bridget Teresa M'Cabe,U,Ireland
Catherine M'Cabe,U,Ireland
Catherine Josephine M'Cabe,U,Ireland
Celia M'Cabe,U,Ireland
Daniel Patrick M'Cabe,U,Ireland
Anne M'Cabe,U,Ireland
Annie M'Cabe,U,Ireland
Bridget M'Cabe,U,Ireland
Catherine M'Cabe,U,Ireland
Catherine Jane M'Cabe,U,Ireland
Charles John M'Cabe,U,Ireland
Edward M'Cabe,U,Ireland
Elizabeth M'Cabe,U,Ireland
Ernest Andrew M'Cabe,U,Ireland
Frederick M'Cabe,U,Ireland
Hugh M'Cabe,U,Ireland
Hugh Patrick M'Cabe,U,Ireland
James M'Cabe,U,Ireland
James Bernard M'Cabe,U,Ireland
John M'Cabe,U,Ireland
John Joseph M'Cabe,U,Ireland
John Leo M'Cabe,U,Ireland
Kathleen M'Cabe,U,Ireland
Kathleen Agnes M'Cabe,U,Ireland
Margaret Hall M'Cabe,U,Ireland
Mary M'Cabe,U,Ireland
Mary M'Cabe,U,Ireland
Mary M'Cabe,U,Ireland
Mary M'Cabe,U,Ireland
Mary Alice M'Cabe,U,Ireland
Mary Ann M'Cabe,U,Ireland
Patrick Edward M'Cabe,U,Ireland
Peter M'Cabe,U,Ireland
Richard John M'Cabe,U,Ireland
Robert M'Cabe,U,Ireland
Mary Frances M'Cabe,U,Ireland
Patrick M'Cabe,U,Ireland
Patrick M'Cabe,U,Ireland
Rose M'Cabe,U,Ireland
Rose Anne M'Cabe,U,Ireland
Female M'Cabe,U,Ireland
Female M'Cabe,U,Ireland
Elizabeth Anne M'Cadam,U,Ireland
John Adair,U,Ireland
Margaret Adair,U,Ireland
Robert Arnold Adair,U,Ireland
Susan Mary Adair,U,Ireland
Violet Ewart Adair,U,Ireland
Dorothy Eileen Abbott,U,Ireland
Patrick Francis Abbott,U,Ireland
Robert Abbott,U,Ireland
Thomas Abbott,U,Ireland
Hannah Abernathy,U,Ireland
George Darragh Abernethy,U,Ireland
Janet Fairley Abernethy,U,Ireland
Rachel Abernethy,U,Ireland
Sarah Isabella Abernethy,U,Ireland
Irwin Abraham,U,Ireland
James Abraham,U,Ireland
Michael Acton,U,Ireland
Michael Acton,U,Ireland
Annie Jane Adair,U,Ireland
Charles Edward Adair,U,Ireland
Elizabeth Jane Adair,U,Ireland
Ethel Maude Adair,U,Ireland
Isabella Adair,U,Ireland
Janet Adair,U,Ireland
Eleanor Elizabeth Aicken,U,Ireland
Kathleen Maud Aicken,U,Ireland
Jeanie Aicken,U,Ireland
Martha Eveline Akerman,U,Ireland
Mary M'Cabe,U,Ireland
Mary Ann M'Cabe,U,Ireland
Mary Catherine M'Cabe,U,Ireland
Mary Kate M'Cabe,U,Ireland
Michael M'Cabe,U,Ireland
Michael M'Cabe,U,Ireland
Michael M'Cabe,U,Ireland
Patrick M'Cabe,U,Ireland
Patrick M'Cabe,U,Ireland
Patrick Joseph M'Cabe,U,Ireland
Peter M'Cabe,U,Ireland
Richard Thomas M'Cabe,U,Ireland
Robert M'Cabe,U,Ireland
Robert Andrew M'Cabe,U,Ireland
Thomas M'Cabe,U,Ireland
Winifred M'Cabe,U,Ireland
Male M'Cabe,U,Ireland
Elizabeth M'Cabe,U,Ireland
Ernest Campbell M'Cabe,U,Ireland
Henry M'Cabe,U,Ireland
Kate M'Cabe,U,Ireland
Kate 1902 M'Cabe,U,Ireland
Lena May M'Cabe,U,Ireland
Margaret M'Cabe,U,Ireland
Margaret M'Cabe,U,Ireland
Henry M'Carron,U,Ireland
Mary M'Carron,U,Ireland
Susan M'Carron,U,Ireland
Eliza Ann M'Adam,U,Ireland
Isabella M'Adam,U,Ireland
Ruth Jane M'Adam,U,Ireland
Samuel James M'Adam,U,Ireland
Edward M'Adams,U,Ireland
Robert Cairnduff M'Adams,U,Ireland
Michael M'Cabe,U,Ireland
Allan M'Cabe,U,Ireland
Aloysius John M'Cabe,U,Ireland
Anne Ethel M'Cabe,U,Ireland
Arthur M'Cabe,U,Ireland
Bernard M'Cabe,U,Ireland
Bernard M'Cabe,U,Ireland
Catherine M'Cabe,U,Ireland
Catherine M'Cabe,U,Ireland
Daniel M'Cabe,U,Ireland
Edward M'Cabe,U,Ireland
Eliza Ann C M'Cabe,U,Ireland
William John M'Carren,U,Ireland
David Alfred Adams,U,Ireland
Eliza Moffett Adair,U,Ireland
George Herbert Harrison Adair,U,Ireland
Hugh Adair,U,Ireland
Kathleen Adair,U,Ireland
Maggie Adair,U,Ireland
Margaret Adair,U,Ireland
Margaret Adair,U,Ireland
Margaret Lewis Adair,U,Ireland
William Adair,U,Ireland
William John R Adair,U,Ireland
Alexander Adams,U,Ireland
Charles Henry Adams,U,Ireland
Christopher James Adams,U,Ireland
Christopher Michael Adams,U,Ireland
David Adams,U,Ireland
Ethel Adams,U,Ireland
Evelyn May Adams,U,Ireland
Henry John Adams,U,Ireland
Hugh Adams,U,Ireland
Patrick Abbey,U,Ireland
Maggie Abbott,U,Ireland
Abbott,U,Ireland
Bridget Abraham,U,Ireland
Abraham,U,Ireland
Ellen Abrahamson,U,Ireland
Myer Abrahamson,U,Ireland
Charles William Adamson,U,Ireland
William Adamson,U,Ireland
John Adams,U,Ireland
John Edward Adams,U,Ireland
John Herbert Adams,U,Ireland
John Holden Adams,U,Ireland
Josephine Adams,U,Ireland
Joshua Adams,U,Ireland
Lionel Douglas Adams,U,Ireland
Margaret Adams,U,Ireland
Joseph Mary Vincent Nicholas M'Cabe,U,Ireland
Margaretta Teresa M'Cabe,U,Ireland
Mary M'Cabe,U,Ireland
Mary M'Cabe,U,Ireland
Mary M'Cabe,U,Ireland
Mary Jane M'Cabe,U,Ireland
Mary Kathleen M'Cabe,U,Ireland
Michael M'Cabe,U,Ireland
Norah Cecilia M'Cabe,U,Ireland
Patrick M'Cabe,U,Ireland
Patrick M'Cabe,U,Ireland
Rose M'Cabe,U,Ireland
Rose Anne M'Cabe,U,Ireland
Teresa M'Cabe,U,Ireland
Thomas M'Cabe,U,Ireland
William M'Cabe,U,Ireland
William M'Cabe,U,Ireland
Catherine M'Carron,U,Ireland
George M'Carron,U,Ireland
Patrick M'Carron,U,Ireland
Patrick M'Carron,U,Ireland
Sarah Josephine M'Carron,U,Ireland
Gwendoline Alice M'Carron,U,Ireland
Matthew M'Carron,U,Ireland
Ellen M'Adam,U,Ireland
James Rea M'Adam,U,Ireland
Margaret Jane M'Adam,U,Ireland
Mary Ellen M'Adam,U,Ireland
Samuel George M'Adam,U,Ireland
Louisa M'Adams,U,Ireland
Doreen Adair,U,Ireland
Catherine Abernethy,U,Ireland
Ethel Abernethy,U,Ireland
Samuel Leslie Abernethy,U,Ireland
Thomas Edward Abernethy,U,Ireland
Margaret Abraham,U,Ireland
Robert Abraham,U,Ireland
Walter John Abraham,U,Ireland
Mabel Emma Ackroyd,U,Ireland
John Joseph Acton,U,Ireland
Agnes Pyper Adair,U,Ireland
Edwin John Adair,U,Ireland
Henry Adair,U,Ireland
John Adair,U,Ireland
Maggie Adair,U,Ireland
Robert Atcheson Adair,U,Ireland
Stanley Wilson Adair,U,Ireland
Christina Adams,U,Ireland
Eileen Adams,U,Ireland
Florence Eileen S Adams,U,Ireland
George Abbott,U,Ireland
Mary Bridget Abbott,U,Ireland
Richard Cecil Abbott,U,Ireland
Mary Abbey,U,Ireland
Alfred Frederick Abbott,U,Ireland
Herbert Alexander Adams,U,Ireland
John Adams,U,Ireland
Maggie Adams,U,Ireland
Margaret Magdalen Adams,U,Ireland
Ralph Adams,U,Ireland
Thomas James Adams,U,Ireland
William Adams,U,Ireland
William Hugh Adams,U,Ireland
Henry Joseph Adamson,U,Ireland
Hugh Alexander Adamson,U,Ireland
John Baxter Adamson,U,Ireland
Samuel Adamson,U,Ireland
Thomas Alexander Adamson,U,Ireland
George Aicken,U,Ireland
William Charles Aicken,U,Ireland
Ambrose Patrick M'Cabe,U,Ireland
Anna Mary Elizabeth M'Cabe,U,Ireland
Bridget M'Cabe,U,Ireland
Bridget M'Cabe,U,Ireland
Catherine M'Cabe,U,Ireland
Christopher M'Cabe,U,Ireland
David M'Cabe,U,Ireland
Ellen M'Cabe,U,Ireland
Ellen M'Cabe,U,Ireland
Frances M'Cabe,U,Ireland
James M'Cabe,U,Ireland
James M'Cabe,U,Ireland
James M'Cabe,U,Ireland
James Arthur M'Cabe,U,Ireland
John M'Cabe,U,Ireland
John M'Cabe,U,Ireland
Joseph M'Cabe,U,Ireland
Mary Anne M'Cabe,U,Ireland
Peter M'Cabe,U,Ireland
Rose M'Cabe,U,Ireland
Samuel Finlay M'Cabe,U,Ireland
William John M'Cabe,U,Ireland
M'Cabe,U,Ireland
Mary Frances M'Cabe,U,Ireland
Mary Helena M'Cabe,U,Ireland
Myles M'Cabe,U,Ireland
Kathleen M'Cabe,U,Ireland
Laura Helen M'Cabe,U,Ireland
Owen M'Cabe,U,Ireland
Patrick M'Cabe,U,Ireland
Patrick Francis M'Cabe,U,Ireland
Patrick Joseph M'Cabe,U,Ireland
Bridget M'Carron,U,Ireland
Daniel M'Carron,U,Ireland
Ellen M'Carron,U,Ireland
James Alexander M'Carron,U,Ireland
John M'Carron,U,Ireland
Mary M'Carron,U,Ireland
Patrick Joseph M'Carron,U,Ireland
Michael O'Daire,U,Ireland
George Abbott,U,Ireland
George Dickson Abernethy,U,Ireland
Alford Abraham,U,Ireland
Mary Ann Abraham,U,Ireland
Freda Abrahamovitch,U,Ireland
Lily Abrahamson,U,Ireland
David Adair,U,Ireland
Eileen Mary Adair,U,Ireland
Hugh Adair,U,Ireland
James Adair,U,Ireland
James Adair,U,Ireland
Jane Orr Adair,U,Ireland
Martha Adair,U,Ireland
Mary Agnes Adair,U,Ireland
Thomas Benjamin Adair,U,Ireland
William Adair,U,Ireland
William Adair,U,Ireland
William Alexander Adair,U,Ireland
William S B Adair,U,Ireland
Alice Adams,U,Ireland
Annie Adams,U,Ireland
Annie Mary Adams,U,Ireland
Stewart Aicken,U,Ireland
Patrick Joseph M'Carran,U,Ireland
Anne M'Carron,U,Ireland
Bridget M'Carron,U,Ireland
Bridget M'Carron,U,Ireland
Daniel M'Carron,U,Ireland
James M'Carron,U,Ireland
James M'Carron,U,Ireland
James M'Carron,U,Ireland
John M'Carron,U,Ireland
Joseph M'Carron,U,Ireland
Sarah M'Carron,U,Ireland
Sarah M'Carron,U,Ireland
Anne Maria M'Cabe,U,Ireland
Annie M'Cabe,U,Ireland
Annie M'Cabe,U,Ireland
Bernard Joseph M'Cabe,U,Ireland
Edith Mary M'Cabe,U,Ireland
Christopher M'Cabe,U,Ireland
David M'Cabe,U,Ireland
Ellen M'Cabe,U,Ireland
Ellen M'Cabe,U,Ireland
Frances M'Cabe,U,Ireland
James M'Cabe,U,Ireland
James M'Cabe,U,Ireland
James M'Cabe,U,Ireland
James Arthur M'Cabe,U,Ireland
John M'Cabe,U,Ireland
John M'Cabe,U,Ireland
Joseph M'Cabe,U,Ireland
Mary Anne M'Cabe,U,Ireland
Peter M'Cabe,U,Ireland
Rose M'Cabe,U,Ireland
Samuel Finlay M'Cabe,U,Ireland
William John M'Cabe,U,Ireland
M'Cabe,U,Ireland
Mary Frances M'Cabe,U,Ireland
Mary Helena M'Cabe,U,Ireland
Myles M'Cabe,U,Ireland
Kathleen M'Cabe,U,Ireland
Laura Helen M'Cabe,U,Ireland
Owen M'Cabe,U,Ireland
Patrick M'Cabe,U,Ireland
Patrick Francis M'Cabe,U,Ireland
Patrick Joseph M'Cabe,U,Ireland
Bridget M'Carron,U,Ireland
Daniel M'Carron,U,Ireland
Ellen M'Carron,U,Ireland
James Alexander M'Carron,U,Ireland
John M'Carron,U,Ireland
Mary M'Carron,U,Ireland
Patrick Joseph M'Carron,U,Ireland
Michael O'Daire,U,Ireland
George Abbott,U,Ireland
George Dickson Abernethy,U,Ireland
Alford Abraham,U,Ireland
Mary Ann Abraham,U,Ireland
Freda Abrahamovitch,U,Ireland
Lily Abrahamson,U,Ireland
David Adair,U,Ireland
Eileen Mary Adair,U,Ireland
Hugh Adair,U,Ireland
James Adair,U,Ireland
James Adair,U,Ireland
Jane Orr Adair,U,Ireland
Martha Adair,U,Ireland
Mary Agnes Adair,U,Ireland
Thomas Benjamin Adair,U,Ireland
William Adair,U,Ireland
William Adair,U,Ireland
William Alexander Adair,U,Ireland
William S B Adair,U,Ireland
Alice Adams,U,Ireland
Annie Adams,U,Ireland
Annie Mary Adams,U,Ireland
Stewart Aicken,U,Ireland
Patrick Joseph M'Carran,U,Ireland
Anne M'Carron,U,Ireland
Bridget M'Carron,U,Ireland
Bridget M'Carron,U,Ireland
Daniel M'Carron,U,Ireland
James M'Carron,U,Ireland
James M'Carron,U,Ireland
James M'Carron,U,Ireland
John M'Carron,U,Ireland
Joseph M'Carron,U,Ireland
Sarah M'Carron,U,Ireland
Sarah M'Carron,U,Ireland
Anne Maria M'Cabe,U,Ireland
Annie M'Cabe,U,Ireland
Annie M'Cabe,U,Ireland
Bernard Joseph M'Cabe,U,Ireland
Edith Mary M'Cabe,U,Ireland
Walter Aicken,U,Ireland
William Aicken,U,Ireland
Frances M'Cabe,U,Ireland
Hugh M'Cabe,U,Ireland
James M'Cabe,U,Ireland
John M'Cabe,U,Ireland
John M'Cabe,U,Ireland
John James M'Cabe,U,Ireland
John Joseph M'Cabe,U,Ireland
John Patrick M'Cabe,U,Ireland
John Thomas M'Cabe,U,Ireland
Maggie M'Cabe,U,Ireland
Margaret Mary M'Cabe,U,Ireland
Martha Maria M'Cabe,U,Ireland
Mary M'Cabe,U,Ireland
Mary Frances M'Cabe,U,Ireland
Matthew Joseph Leo M'Cabe,U,Ireland
Michael M'Cabe,U,Ireland
Michael Joseph M'Cabe,U,Ireland
Patrick M'Cabe,U,Ireland
Patrick M'Cabe,U,Ireland
Patrick M'Cabe,U,Ireland
Patrick J H M'Cabe,U,Ireland
Rose Christina M'Cabe,U,Ireland
Rosetta Attracta M'Cabe,U,Ireland
Sarah M'Cabe,U,Ireland
Annie M'Cabe,U,Ireland
Annie Theresa M'Cabe,U,Ireland
Bridget Catherine M'Cabe,U,Ireland
Brigid M'Cabe,U,Ireland
Catherine M'Cabe,U,Ireland
Catherine M'Cabe,U,Ireland
Christopher Anthony M'Cabe,U,Ireland
Elizabeth Mary M'Cabe,U,Ireland
Felix M'Cabe,U,Ireland
Florence M'Cabe,U,Ireland
Thomas M'Cabe,U,Ireland
Thomas M'Cabe,U,Ireland
Thomas James M'Cabe,U,Ireland
Female M'Cabe,U,Ireland
John M'Carron,U,Ireland
Kate Anne M'Carron,U,Ireland
Martin M'Carron,U,Ireland
Anthony M'Carron,U,Ireland
Catherine M'Carron,U,Ireland
John M'Carron,U,Ireland
Eileen Mary Abbott,U,Ireland
Mary Elizabeth Abbott,U,Ireland
Matilda Abbott,U,Ireland
Robert Scott Abernethy,U,Ireland
Doris Ena Ablett,U,Ireland
James John Abraham,U,Ireland
Marion Abraham,U,Ireland
Edward Acton,U,Ireland
Hueva Margaret Adair,U,Ireland
John Adair,U,Ireland
John Staunton Adair,U,Ireland
Mary Adair,U,Ireland
Robert Ernest Adair,U,Ireland
William Walker Adair,U,Ireland
Adam Adams,U,Ireland
David Logan Adams,U,Ireland
Lily Adams,U,Ireland
Margaret Adams,U,Ireland
Margaret Webster Adams,U,Ireland
Robert Adams,U,Ireland
Rosetta Adams,U,Ireland
Susannah Adams,U,Ireland
William Andrew Adams,U,Ireland
William Thomas Adams,U,Ireland
Annie Adamson,U,Ireland
Janet Adamson,U,Ireland
Lilian Faith Adamson,U,Ireland
Samuel Adamson,U,Ireland
Michael Habernathy,U,Ireland
Patricia Josephine M'Cabe,U,Ireland
Patrick M'Cabe,U,Ireland
Patrick M'Cabe,U,Ireland
Thomas Joseph M'Cabe,U,Ireland
Winifred Marcella M'Cabe,U,Ireland
Female M'Cabe,U,Ireland
Patrick Joseph M'Cabe,U,Ireland
Sarah M'Cabe,U,Ireland
Sarah M'Cabe,U,Ireland
Terence Conleth M'Cabe,U,Ireland
Thomas M'Cabe,U,Ireland
Thomas M'Cabe,U,Ireland
Bernard Alfred Abbott,U,Ireland
Bernard Aloysius Abbott,U,Ireland
Janey Ottoline Mabel Abbott,U,Ireland
Margaret Abbott,U,Ireland
Mary Abbott,U,Ireland
William Abbott,U,Ireland
Desmond Abernethy,U,Ireland
Muriel Roberta Rose Abernethy,U,Ireland
Mary Jane Abraham,U,Ireland
Basil Robert Adair,U,Ireland
Bertha Adair,U,Ireland
Hector Adair,U,Ireland
James Adair,U,Ireland
James Robinson Adair,U,Ireland
Annie Adams,U,Ireland
Eileen Mary Adams,U,Ireland
Eliza Adams,U,Ireland
Elizabeth Black Adams,U,Ireland
Hamilton Adams,U,Ireland
Howard Joseph Adams,U,Ireland
Jeanie Adams,U,Ireland
Joseph Adams,U,Ireland
Maggie Adams,U,Ireland
Margaret Adams,U,Ireland
Maurice Henry Adams,U,Ireland
Percy Joseph Adams,U,Ireland
Jane Adair,U,Ireland
Margaret Adair,U,Ireland
Margaret Adair,U,Ireland
Robert James Adair,U,Ireland
Rowland Murray Adair,U,Ireland
William James Adair,U,Ireland
William Aicken,U,Ireland
Henry Habernatty,U,Ireland
Annie Lucas Mcadams,U,Ireland
Robert John Mcadams,U,Ireland
Bridget M'Carron,U,Ireland
James M'Carron,U,Ireland
John M'Carron,U,Ireland
Joseph M'Carron,U,Ireland
George Aloysius M'Adam,U,Ireland
Jane Holmes M'Adam,U,Ireland
John M'Adam,U,Ireland
Knox M'Adam,U,Ireland
William John M'Adam,U,Ireland
Joseph M'Carron,U,Ireland
Maggie M'Carron,U,Ireland
Mary Catherine M'Carron,U,Ireland
Peter M'Carron,U,Ireland
Liam Ciapan O'Caomanais,U,Ireland
Peadap O'Caomanais,U,Ireland
Padraig O'Biorn,U,Ireland
Jane Adair,U,Ireland
John Adair,U,Ireland
Andrew Adams,U,Ireland
Daisy Adams,U,Ireland
Eveline Winifred Adams,U,Ireland
George Adams,U,Ireland
George Ralph Adams,U,Ireland
Kathleen Frances Adams,U,Ireland
Mabel Adams,U,Ireland
Maggie Ann Adams,U,Ireland
Margaret Adams,U,Ireland
James M'Cabe,U,Ireland
James M'Cabe,U,Ireland
Jane M'Cabe,U,Ireland
Joseph M'Cabe,U,Ireland
Joseph M'Cabe,U,Ireland
Kathleen Marguerite M'Cabe,U,Ireland
Laurence M'Cabe,U,Ireland
Lizzie M'Cabe,U,Ireland
Maggie M'Cabe,U,Ireland
Margaret M'Cabe,U,Ireland
Margaret Elizabeth M'Cabe,U,Ireland
Margaret Hannah M'Cabe,U,Ireland
Margaret Hannah M'Cabe,U,Ireland
Mary M'Cabe,U,Ireland
Mary M'Cabe,U,Ireland
Male M'Cabe,U,Ireland
Male M'Cabe,U,Ireland
Male M'Cabe,U,Ireland
Male M'Cabe,U,Ireland
Male M'Cabe,U,Ireland
Mary Catherine M'Cabe,U,Ireland
Mary Ellen M'Cabe,U,Ireland
Mary Ellen M'Cabe,U,Ireland
Mary Eveline M'Cabe,U,Ireland
Michael M'Cabe,U,Ireland
Patrick M'Cabe,U,Ireland
Patrick M'Cabe,U,Ireland
Peter M'Cabe,U,Ireland
Rose Ann M'Cabe,U,Ireland
Walter M'Cabe,U,Ireland
William M'Cabe,U,Ireland
Alex Henry Adair,U,Ireland
Sarah Adair,U,Ireland
David Adams,U,Ireland
Edward Adams,U,Ireland
Elizabeth Adams,U,Ireland
Elizabeth Adams,U,Ireland
Isabella Adams,U,Ireland
James Alexander Adams,U,Ireland
Jane Adams,U,Ireland
Joseph Adams,U,Ireland
Margaret Adams,U,Ireland
Margaret Adams,U,Ireland
Margaret Gilchrist Adams,U,Ireland
Mary Eleanor Adams,U,Ireland
Richard Adams,U,Ireland
Robert Adams,U,Ireland
Robert Adams,U,Ireland
Robert H C Adams,U,Ireland
Thomas John Adams,U,Ireland
Walter Cranston Montgomery Adams,U,Ireland
William Thomas Adams,U,Ireland
Naimi K G Adamson,U,Ireland
Ellen Abbott,U,Ireland
Roderick Abel,U,Ireland
Margaret Abraham,U,Ireland
Fanny Abrams,U,Ireland
Winefred Abrams,U,Ireland
Bridget Acton,U,Ireland
Peter Acton,U,Ireland
Dominick C Abbott,U,Ireland
Clara Adair,U,Ireland
James Adair,U,Ireland
Joseph Gibson Adair,U,Ireland
Mary Adair,U,Ireland
Mary Jane Adair,U,Ireland
Samuel Adair,U,Ireland
Elizabeth Aicken,U,Ireland
Andrew M'Carron,U,Ireland
James M'Carron,U,Ireland
Mary Ann M'Carron,U,Ireland
Patrick M'Carron,U,Ireland
Patrick M'Carron,U,Ireland
Peter M'Carron,U,Ireland
Rosina M'Carron,U,Ireland
Sarah M'Carron,U,Ireland
Dynes M'Adam,U,Ireland
Margaret M'Adam,U,Ireland
William James M'Adam,U,Ireland
Andrew Dunwoody M'Adams,U,Ireland
Anne M'Cabe,U,Ireland
Bartholomew M'Cabe,U,Ireland
Bee M'Cabe,U,Ireland
Bridget M'Cabe,U,Ireland
Bridget Anne M'Cabe,U,Ireland
Bridget Mary Henrietta M'Cabe,U,Ireland
Catherine M'Cabe,U,Ireland
Charles Edward M'Cabe,U,Ireland
Elizabeth M'Cabe,U,Ireland
Felix Joseph M'Cabe,U,Ireland
James M'Cabe,U,Ireland
James M'Cabe,U,Ireland
James M'Cabe,U,Ireland
James M'Cabe,U,Ireland
Jane M'Cabe,U,Ireland
John M'Cabe,U,Ireland
Lily M'Cabe,U,Ireland
Margaret M'Cabe,U,Ireland
Margaret M'Cabe,U,Ireland
Mary M'Cabe,U,Ireland
Mary Anne M'Cabe,U,Ireland
Mary Catherine M'Cabe,U,Ireland
Mary Kate M'Cabe,U,Ireland
Michael M'Cabe,U,Ireland
Michael John M'Cabe,U,Ireland
Patrick M'Cabe,U,Ireland
Patrick M'Cabe,U,Ireland
Patrick M'Cabe,U,Ireland
Patrick M'Cabe,U,Ireland
Peter M'Cabe,U,Ireland
Robert M'Cabe,U,Ireland
Thomas M'Cabe,U,Ireland
Andrew Joseph M'Carren,U,Ireland
Sheelah Abrahamson,U,Ireland
Ethel Acton,U,Ireland
John Acton,U,Ireland
Patrick Acton,U,Ireland
Elizabeth Adams,U,Ireland
Ellen Adams,U,Ireland
Hilda Mary Adams,U,Ireland
Jane Adams,U,Ireland
John Adams,U,Ireland
John M'Connell Adams,U,Ireland
Kevin Christopher Adams,U,Ireland
Lily Adams,U,Ireland
Margaret Jane Adams,U,Ireland
Mary Adams,U,Ireland
Mary Ann Adams,U,Ireland
Matthew Adams,U,Ireland
Robert Adams,U,Ireland
Samuel Adams,U,Ireland
William Henry Adams,U,Ireland
Female Adams,U,Ireland
Albert Adair,U,Ireland
Annie Adair,U,Ireland
Male Abbott,U,Ireland
Mabel Abernathy,U,Ireland
Marcella Mary Abernathy,U,Ireland
Mary Agnes Abernathy,U,Ireland
John Edwin Cyril Abraham,U,Ireland
Emily Abraham,U,Ireland
Emily Abraham,U,Ireland
John Joseph Adair,U,Ireland
Mary Jane Adair,U,Ireland
Mary Jane Adair,U,Ireland
Robert Adair,U,Ireland
Robert Adair,U,Ireland
Robert Spence Adair,U,Ireland
Clara Ellen Adamson,U,Ireland
Eva Adamson,U,Ireland
John Hughes Adamson,U,Ireland
Benjamin Adair,U,Ireland
Charles Adair,U,Ireland
Elizabeth Adair,U,Ireland
Frederick Adair,U,Ireland
Hugh Adair,U,Ireland
John Habernatty,U,Ireland
Eva M'Adam,U,Ireland
Mary Winifred M'Adam,U,Ireland
Rose Anne M'Adam,U,Ireland
Mary Josephine M'Adams,U,Ireland
Robert M'Adams,U,Ireland
Catherine M'Carron,U,Ireland
John M'Carron,U,Ireland
Mary Katherine M'Carron,U,Ireland
Patrick M'Carron,U,Ireland
Rose M'Carron,U,Ireland
Eliza M'Cabe,U,Ireland
James M'Cabe,U,Ireland
James Joseph M'Cabe,U,Ireland
James William M'Cabe,U,Ireland
Jane Elizabeth M'Cabe,U,Ireland
Jeremiah Francis M'Cabe,U,Ireland
John M'Cabe,U,Ireland
John M'Cabe,U,Ireland
John Joseph M'Cabe,U,Ireland
John Joseph M'Cabe,U,Ireland
John William M'Cabe,U,Ireland
Beresford M'Cabe,U,Ireland
Bridget M'Cabe,U,Ireland
Bridget M'Cabe,U,Ireland
Catherine M'Cabe,U,Ireland
Daniel M'Cabe,U,Ireland
Joseph M'Cabe,U,Ireland
Joseph M'Cabe,U,Ireland
Kathleen M'Cabe,U,Ireland
Kathleen M'Cabe,U,Ireland
Lucy Ellen M'Cabe,U,Ireland
Margaret M'Cabe,U,Ireland
Mary M'Cabe,U,Ireland
Mary M'Cabe,U,Ireland
Mary Catherine M'Cabe,U,Ireland
Mary Christina M'Cabe,U,Ireland
Mary Jane M'Cabe,U,Ireland
Mary Josephine M'Cabe,U,Ireland
Michael Joseph M'Cabe,U,Ireland
Patrick M'Cabe,U,Ireland
Patrick M'Cabe,U,Ireland
Paul M'Cabe,U,Ireland
Thomas Alphonsus M'Cabe,U,Ireland
William M'Cabe,U,Ireland
William Henry M'Cabe,U,Ireland
Male M'Cabe,U,Ireland
Male 1900 M'Cabe,U,Ireland
Female M'Cabe,U,Ireland
Ellen Jane W Adams,U,Ireland
James Adams,U,Ireland
James Bell Adams,U,Ireland
James Campbell Adams,U,Ireland
John Adams,U,Ireland
John Christopher Adams,U,Ireland
John William Adams,U,Ireland
Joseph Patrick Adams,U,Ireland
Lizzie Adams,U,Ireland
Maggie Adams,U,Ireland
Mary Adams,U,Ireland
Robert Adams,U,Ireland
Robert Adams,U,Ireland
Robert A H W K Adams,U,Ireland
Samuel Adams,U,Ireland
Thomas Adams,U,Ireland
Thomas Adams,U,Ireland
Male Adams,U,Ireland
Anne Adamson,U,Ireland
Bridget Adamson,U,Ireland
Margaret Acton,U,Ireland
Agnes M'Cracken Adair,U,Ireland
Eileen Adair,U,Ireland
Hugh Adair,U,Ireland
James Adair,U,Ireland
Marion Adair,U,Ireland
Martha Adair,U,Ireland
Susan Adair,U,Ireland
William Adair,U,Ireland
Agnes Elizabeth Adams,U,Ireland
Jane Adams,U,Ireland
Mabel Adams,U,Ireland
Minnie Adams,U,Ireland
Patrick Joseph Adams,U,Ireland
Adams,U,Ireland
Sarah Adams,U,Ireland
William Adams,U,Ireland
Adams,U,Ireland
Annie Adams,U,Ireland
Bella Catherine Adams,U,Ireland
Cumberland Adams,U,Ireland
Edward John Adams,U,Ireland
Essie Elizabeth Jane Adams,U,Ireland
Eveline Victoria Adams,U,Ireland
Henry Joseph Adams,U,Ireland
James Adams,U,Ireland
Catherine Adams,U,Ireland
David Joseph Gaberelson,U,Ireland
Arthur Harold Habbitts,U,Ireland
Male M'Cabe,U,Ireland
Male M'Cabe,U,Ireland
Rebecca M'Cadam,U,Ireland
Thomas M'Adam,U,Ireland
Charles Christopher M'Adams,U,Ireland
Annie M'Adam,U,Ireland
John James M'Adam,U,Ireland
Margaret Jane M'Adam,U,Ireland
Mary Catherine M'Adam,U,Ireland
Bridget M'Cabe,U,Ireland
Catherine M'Cabe,U,Ireland
Charles Francis M'Cabe,U,Ireland
Christina Elizabeth M'Cabe,U,Ireland
Daniel M'Cabe,U,Ireland
Edward M'Cabe,U,Ireland
Eileen M'Cabe,U,Ireland
Eleanor Caroline M'Cabe,U,Ireland
Elizabeth M'Cabe,U,Ireland
Elizabeth M'Cabe,U,Ireland
Francis Joseph M'Cabe,U,Ireland
Henry M'Cabe,U,Ireland
Isabella M'Cabe,U,Ireland
James M'Cabe,U,Ireland
James M'Cabe,U,Ireland
James M'Cabe,U,Ireland
Jane M'Cabe,U,Ireland
John M'Cabe,U,Ireland
John M'Cabe,U,Ireland
Anne Elizabeth M'Cabe,U,Ireland
Anne Jane M'Cabe,U,Ireland
Bridget M'Cabe,U,Ireland
Bridget M'Cabe,U,Ireland
Bridget M'Cabe,U,Ireland
John M'Cabe,U,Ireland
John James M'Cabe,U,Ireland
John Joseph M'Cabe,U,Ireland
Joseph M'Cabe,U,Ireland
Josephine M'Cabe,U,Ireland
Mary M'Cabe,U,Ireland
Mary Anne M'Cabe,U,Ireland
Mary Josephine M'Cabe,U,Ireland
Mary Lizzie M'Cabe,U,Ireland
Michael John M'Cabe,U,Ireland
Michael Joseph M'Cabe,U,Ireland
Patrick M'Cabe,U,Ireland
Patrick M'Cabe,U,Ireland
Ultan M'Cabe,U,Ireland
Una V H Adamson,U,Ireland
Una Sieyes,U,Ireland
Una Tully,U,Ireland
Ursula Mary White,U,Ireland
Una Whyte,U,Ireland
Ursula Mary White,U,Ireland
Una Whelan,U,Ireland
Una White,U,Ireland
Una Maud Irvine,U,Ireland
Una Kathleen Stephens,U,Ireland
Unity Rodgers,U,Ireland
Unity Rodgers,U,Ireland
Una Rogers,U,Ireland
Una Mary O' Hara,U,Ireland
Una Harborne,U,Ireland
Ussher Greer Simpson,U,Ireland
Una Kathleen Sim,U,Ireland
Ursula Fitzsimmons,U,Ireland
Una Arthurs,U,Ireland
Ursula Arnold,U,Ireland
Una Patricia Macarthur,U,Ireland
Una Josephine M'Evoy,U,Ireland
Una M'Evoy,U,Ireland
Ursula Ewins,U,Ireland
Ursula Ewins,U,Ireland
Una Mcfadden,U,Ireland
Una Innie Evans,U,Ireland
Una Mcfadden,U,Ireland
Una Lindsay Johnson,U,Ireland
Ursula Johnston,U,Ireland
Uzzioh M'Crory,U,Ireland
Una Rooney,U,Ireland
Una Mary Mitchell,U,Ireland
Una Mills,U,Ireland
Una Robinson,U,Ireland
Una Robinson,U,Ireland
Unity Roddy,U,Ireland
Urcella Wasson,U,Ireland
Una Patricia Scallan,U,Ireland
Una E T Savage,U,Ireland
Una Brigid Best,U,Ireland
Una Ferry,U,Ireland
Una Ferry,U,Ireland
Unity Ferry,U,Ireland
Una Consuela Butterly,U,Ireland
Una Logue,U,Ireland
Ursula Ladrigan,U,Ireland
Unity Boner,U,Ireland
Ursula Elizabeth Buttimer,U,Ireland
Ursula Borden,U,Ireland
Ursula Isabella Buttimer,U,Ireland
Ulysses Bain,U,Ireland
Una Mary Beattie,U,Ireland
Ursula Bane,U,Ireland
Una Mary M'Govern,U,Ireland
Una Grace,U,Ireland
Ursula Mary Mcgowan,U,Ireland
Una Mcgovern,U,Ireland
Una Frances O'Grady,U,Ireland
Una Mcgown,U,Ireland
Ursula J F Mcgowan,U,Ireland
Una Oates,U,Ireland
Una O'Clery,U,Ireland
Una O'Clery,U,Ireland
Ulick Francis De Burgh,U,Ireland
Una Mary E Bergin,U,Ireland
Una Bennett,U,Ireland
Una Bergin,U,Ireland
Una Aileen J Sharvin,U,Ireland
Una Mary Sharkey,U,Ireland
Una Hazel Pauline Sharkey,U,Ireland
Una O'Shaughnessy,U,Ireland
Una Wright Miller,U,Ireland
Ursula Elizabeth Bradfield,U,Ireland
Patrick M'Cabe,U,Ireland
Peter M'Cabe,U,Ireland
Richard M'Cabe,U,Ireland
Rosanna M'Cabe,U,Ireland
Rose M'Cabe,U,Ireland
Rose Ann M'Cabe,U,Ireland
Rose Mary M'Cabe,U,Ireland
Susan M'Cabe,U,Ireland
Terence M'Cabe,U,Ireland
Thomas Gerald M'Cabe,U,Ireland
William Edward M'Cabe,U,Ireland
Florence M'Carron,U,Ireland
Michael M'Carron,U,Ireland
Patrick M'Carron,U,Ireland
William Joseph M'Carron,U,Ireland
Mary A H Adair,U,Ireland
Nancy D S Adair,U,Ireland
Sarah Adair,U,Ireland
William George Adair,U,Ireland
Albert Hamilton Adams,U,Ireland
Catherine Adams,U,Ireland
Elizabeth Adams,U,Ireland
Ellen Adams,U,Ireland
George Adams,U,Ireland
Hubert William Adams,U,Ireland
Hugh Adams,U,Ireland
Kathleen Maud Adams,U,Ireland
Frederick Leslie Adair,U,Ireland
John James Adair,U,Ireland
Herbert Abbott,U,Ireland
Mary Josephine Abbott,U,Ireland
David Abernethy,U,Ireland
Prudence Jennie Abernethy,U,Ireland
Sarah Elizabeth Abernethy,U,Ireland
David Edward Abraham,U,Ireland
Michael William Abraham,U,Ireland
Fanny Abrahamson,U,Ireland
Julia Acton,U,Ireland
Sarah Acton,U,Ireland
Alexander Adair,U,Ireland
Anna Sarah Adair,U,Ireland
David Adair,U,Ireland
Elizabeth Adair,U,Ireland
Eveline Adair,U,Ireland
Andrew Mills Aicken,U,Ireland
Florence Margaret Aicken,U,Ireland
James Aicken,U,Ireland
Susanna Aicken,U,Ireland
Bridget Mary Margaret M'Cabe,U,Ireland
Bridget Teresa M'Cabe,U,Ireland
Catherine M'Cabe,U,Ireland
Charles M'Cabe,U,Ireland
Christina Mary M'Cabe,U,Ireland
Daniel M'Cabe,U,Ireland
Edward M'Cabe,U,Ireland
Elizabeth M'Cabe,U,Ireland
Frederick M'Cabe,U,Ireland
Gerrard M'Cabe,U,Ireland
James M'Cabe,U,Ireland
James M'Cabe,U,Ireland
James Leo M'Cabe,U,Ireland
Johanna Mary M'Cabe,U,Ireland
John M'Cabe,U,Ireland
Kate M'Cabe,U,Ireland
Kathleen E M M'Cabe,U,Ireland
Margaret Mary M'Cabe,U,Ireland
Mary Anne M'Cabe,U,Ireland
Mathew Joseph M'Cabe,U,Ireland
Michael M'Cabe,U,Ireland
Owen M'Cabe,U,Ireland
Patrick M'Cabe,U,Ireland
Patrick M'Cabe,U,Ireland
Alfred George M'Cabe,U,Ireland
Alice M'Cabe,U,Ireland
Angela Martha M'Cabe,U,Ireland
Margaret M'Carron,U,Ireland
Patrick Joseph M'Carron,U,Ireland
Theresa M'Carron,U,Ireland
Thomas M'Carron,U,Ireland
Thomas Patrick M'Carron,U,Ireland
John Joseph Abbey,U,Ireland
Marion Esther Abbey,U,Ireland
Edward Patrick Abbott,U,Ireland
Esther Abbott,U,Ireland
Mary Abbott,U,Ireland
Phyllis Edith Abbott,U,Ireland
Thomas Abbott,U,Ireland
Jane Abernethy,U,Ireland
Sarah Abrahams,U,Ireland
Esther Abrahamson,U,Ireland
Alfred John Adair,U,Ireland
Elizabeth Adair,U,Ireland
Elizabeth Adair,U,Ireland
Frances Elizabeth Adair,U,Ireland
Frederick Adair,U,Ireland
Isabella Adair,U,Ireland
Samuel Adair,U,Ireland
Sarah Barr Adair,U,Ireland
Violet Maggie Adair,U,Ireland
James Adams,U,Ireland
Jane Adams,U,Ireland
Joseph Adams,U,Ireland
Joseph Adams,U,Ireland
Maggie M F Adams,U,Ireland
Margaret Adams,U,Ireland
Martha Adams,U,Ireland
John Aicken,U,Ireland
Margaret M'Adam,U,Ireland
Margaret Ellen M'Adam,U,Ireland
Samuel George M'Adam,U,Ireland
Andrew M'Adams,U,Ireland
Patrick M'Carren,U,Ireland
Hugh M'Carron,U,Ireland
James Michael M'Carron,U,Ireland
Mary Ann M'Carron,U,Ireland
Peter Joseph M'Carron,U,Ireland
Peter Joseph M'Carron,U,Ireland
Rose M'Carron,U,Ireland
William M'Carron,U,Ireland
Anna Mary M'Cabe,U,Ireland
Anne M'Cabe,U,Ireland
Annie May M'Cabe,U,Ireland
Bridget M'Cabe,U,Ireland
Bridget M'Cabe,U,Ireland
Bridget M'Cabe,U,Ireland
Catherine M'Cabe,U,Ireland
Catherine Gertrude M'Cabe,U,Ireland
Doreen Genevieve M'Cabe,U,Ireland
Edward M'Cabe,U,Ireland
Edward Hugh M'Cabe,U,Ireland
Emily M'Cabe,U,Ireland
Francis M'Cabe,U,Ireland
George M'Cabe,U,Ireland
Henry M'Cabe,U,Ireland
Henry M'Cabe,U,Ireland
Hugh M'Cabe,U,Ireland
John M'Cabe,U,Ireland
John M'Cabe,U,Ireland
John Patrick M'Cabe,U,Ireland
Kathleen M'Cabe,U,Ireland
Margaret M'Cabe,U,Ireland
Margaret M'Cabe,U,Ireland
Marianne M'Cabe,U,Ireland
Martin M'Cabe,U,Ireland
Mary M'Cabe,U,Ireland
Mary M'Cabe,U,Ireland
Mary Ellen M'Cabe,U,Ireland
Mary Teresa M'Cabe,U,Ireland
Michael Brien M'Cabe,U,Ireland
Norah M'Cabe,U,Ireland
Sidney Constance Acton,U,Ireland
Alexander Adair,U,Ireland
David Hugh Adair,U,Ireland
Elizabeth Adair,U,Ireland
Ellen M'Cullough Adair,U,Ireland
Mary Ann Adams,U,Ireland
Mary Catherine Adams,U,Ireland
Sarah Agnes Adams,U,Ireland
Violet Lilian Adams,U,Ireland
William Adams,U,Ireland
William Adams,U,Ireland
Winifred Adams,U,Ireland
Joseph Adamson,U,Ireland
Maggie Adamson,U,Ireland
Hugh Adair,U,Ireland
Jane Adair,U,Ireland
Jane Adair,U,Ireland
Lizzie Adair,U,Ireland
Mary Ellen Adair,U,Ireland
William Henry Adair,U,Ireland
Dorothy Amy Adam,U,Ireland
Anna Jane Adams,U,Ireland
Anne Adams,U,Ireland
Christina Elizabeth Adams,U,Ireland
Ernest Edward Adams,U,Ireland
Florence Adams,U,Ireland
Hugh Adams,U,Ireland
James Adams,U,Ireland
James M'Cracken Adams,U,Ireland
John Adams,U,Ireland
Maggie Adams,U,Ireland
Robert Adamson,U,Ireland
Robert Adamson,U,Ireland
Walter Percival Adamson,U,Ireland
Rosenna Aicken,U,Ireland
Rebecca Akens,U,Ireland
John Gerard Ebrill,U,Ireland
Bernard M'Cabe,U,Ireland
Bernard Francis M'Cabe,U,Ireland
Bridget M'Cabe,U,Ireland
Daniel M'Cabe,U,Ireland
Edward M'Cabe,U,Ireland
Francis M'Cabe,U,Ireland
Gordon M'Cabe,U,Ireland
James Christopher M'Cabe,U,Ireland
James Joseph M'Cabe,U,Ireland
John James M'Cabe,U,Ireland
Kate M'Cabe,U,Ireland
Kathleen M'Cabe,U,Ireland
Lizzie M'Cabe,U,Ireland
Bernard M'Cabe,U,Ireland
Madeline M'Cabe,U,Ireland
Margaret M'Cabe,U,Ireland
Mary M'Cabe,U,Ireland
Mary Catherine M'Cabe,U,Ireland
Michael M'Cabe,U,Ireland
Michael John M'Cabe,U,Ireland
Norah M'Cabe,U,Ireland
Olive M'Cabe,U,Ireland
Patrick Christopher M'Cabe,U,Ireland
Richard Gerard M'Cabe,U,Ireland
Robert John M'Cabe,U,Ireland
Rose M'Cabe,U,Ireland
Rose M'Cabe,U,Ireland
Stanislaus Thomas M'Cabe,U,Ireland
Teresa M'Cabe,U,Ireland
Thomas M'Cabe,U,Ireland
William M'Cabe,U,Ireland
Agnes M'Carron,U,Ireland
Bridget Christina M'Carron,U,Ireland
Daniel Francis M'Carron,U,Ireland
Edward M'Carron,U,Ireland
Francis M'Carron,U,Ireland
Isabella M'Carron,U,Ireland
John M'Carron,U,Ireland
Margaret Adams,U,Ireland
Marion Adams,U,Ireland
Martha Jane Adams,U,Ireland
Mary Adams,U,Ireland
Mary Adams,U,Ireland
Reginald Adams,U,Ireland
Robert Adams,U,Ireland
Robert Adams,U,Ireland
Male Adams,U,Ireland
Male Adams,U,Ireland
Albert Adamson,U,Ireland
Annie Maria Adamson,U,Ireland
Annie Susan Adamson,U,Ireland
Francis Allen Adamson,U,Ireland
William David Adamson,U,Ireland
Jeanette Aicken,U,Ireland
Maggie Aicken,U,Ireland
Mary J Adair,U,Ireland
Grace Mary Ebrill,U,Ireland
Thomas Francis I M'Carren,U,Ireland
John M'Carron,U,Ireland
Mary M'Carron,U,Ireland
Mary Josephine M'Carron,U,Ireland
Alfred M'Adams,U,Ireland
Aidan M'Cabe,U,Ireland
Margaret M'Cabe,U,Ireland
John Patrick M'Cabe,U,Ireland
Annie M'Cabe,U,Ireland
Annie M'Cabe,U,Ireland
Bernard M'Cabe,U,Ireland
Bridget Agnes M'Cabe,U,Ireland
Edward Alexander M'Cabe,U,Ireland
Ellen M'Cabe,U,Ireland
Ellen Mary Frances M'Cabe,U,Ireland
Francis M'Cabe,U,Ireland
Grace Elizabeth M'Cabe,U,Ireland
Hugh Joseph M'Cabe,U,Ireland
James M'Cabe,U,Ireland
James M'Cabe,U,Ireland
James M'Cabe,U,Ireland
James M'Cabe,U,Ireland
Margaret M'Cabe,U,Ireland
John M'Cabe,U,Ireland
John M'Cabe,U,Ireland
John James M'Cabe,U,Ireland
Malachi Leo M'Cabe,U,Ireland
Mary M'Cabe,U,Ireland
Mary Bridget M'Cabe,U,Ireland
Mary Catherine M'Cabe,U,Ireland
Mary Evelyn M'Cabe,U,Ireland
Owen M'Cabe,U,Ireland
Patrick M'Cabe,U,Ireland
Patrick M'Cabe,U,Ireland
Patrick M'Cabe,U,Ireland
Peter M'Cabe,U,Ireland
Roseanne M'Cabe,U,Ireland
Susan M'Cabe,U,Ireland
Thomas Francis M'Cabe,U,Ireland
John William M'Cabe,U,Ireland
Annie Teresa Abbott,U,Ireland
Duncan V V B Abbott,U,Ireland
James Abbott,U,Ireland
Mary Abbott,U,Ireland
Thomas Abbott,U,Ireland
James Abel,U,Ireland
William Abel,U,Ireland
Ellen Jane Abernethy,U,Ireland
Emily Jane Abernethy,U,Ireland
Thomas J R Abernethy,U,Ireland
William Abernethy,U,Ireland
Minnie Abrahamovitch,U,Ireland
Leon Ackermann,U,Ireland
James Acton,U,Ireland
John Martin Acton,U,Ireland
Michael Acton,U,Ireland
Catherine Ann M'Adam,U,Ireland
Patrick James M'Adam,U,Ireland
Robert William M'Adam,U,Ireland
Frances Elizabeth M'Adams,U,Ireland
Alice Agnes M'Carron,U,Ireland
Andrew M'Carron,U,Ireland
Ellen M'Carron,U,Ireland
Ellen M'Carron,U,Ireland
James M'Carron,U,Ireland
James M'Carron,U,Ireland
Michael M'Carron,U,Ireland
Alfred M'Cabe,U,Ireland
Annie Christina M'Cabe,U,Ireland
Bridget M'Cabe,U,Ireland
Catherine M'Cabe,U,Ireland
Catherine M'Cabe,U,Ireland
Catherine Mary M'Cabe,U,Ireland
Cathleene Mary M'Cabe,U,Ireland
Elizabeth M'Cabe,U,Ireland
Ernest Albert M'Cabe,U,Ireland
Eugene M'Cabe,U,Ireland
James M'Cabe,U,Ireland
James Joseph M'Cabe,U,Ireland
Jane M'Cabe,U,Ireland
John M'Cabe,U,Ireland
John Joseph M'Cabe,U,Ireland
Joseph M'Cabe,U,Ireland
Mary M'Cabe,U,Ireland
Mary Ann M'Cabe,U,Ireland
Mary Ann M'Cabe,U,Ireland
Mary Anne M'Cabe,U,Ireland
Mary Anne M'Cabe,U,Ireland
Mary Clare M'Cabe,U,Ireland
Mary Kate M'Cabe,U,Ireland
Mary Kate M'Cabe,U,Ireland
Mary Margaret M'Cabe,U,Ireland
Michael M'Cabe,U,Ireland
Myles Joseph M'Cabe,U,Ireland
Patrick M'Cabe,U,Ireland
Teresa M'Cabe,U,Ireland
Thomas M'Cabe,U,Ireland
Thomas Joseph M'Cabe,U,Ireland
William Eugene M'Cabe,U,Ireland
William Francis M'Cabe,U,Ireland
William John M'Cabe,U,Ireland
Male M'Cabe,U,Ireland
Ellen Abbey,U,Ireland
Francis Abbott,U,Ireland
Maria Abbott,U,Ireland
Patrick Abbott,U,Ireland
Sarah Abbott,U,Ireland
Margaret Abernethy,U,Ireland
Thomas Alexander Abernethy,U,Ireland
Vera Shannon Abernethy,U,Ireland
Florence Gertrude Abraham,U,Ireland
William John Abraham,U,Ireland
Bridget Acton,U,Ireland
Christopher Joseph Acton,U,Ireland
Thomas Acton,U,Ireland
Jeannie Adair,U,Ireland
John Adair,U,Ireland
Joseph Alexander Adair,U,Ireland
Robert Adair,U,Ireland
Robert William Adair,U,Ireland
Andrew Adams,U,Ireland
Elizabeth Jane Adams,U,Ireland
Hessie Adams,U,Ireland
Hugh Adams,U,Ireland
James Adams,U,Ireland
John Flaherty Adams,U,Ireland
John Joseph Adams,U,Ireland
Lily Adams,U,Ireland
Louis Philip Adams,U,Ireland
Louisa Jane Adams,U,Ireland
Maggie Adams,U,Ireland
Walter Aicken,U,Ireland
William Aicken,U,Ireland
Frances M'Cabe,U,Ireland
Hugh M'Cabe,U,Ireland
James M'Cabe,U,Ireland
John M'Cabe,U,Ireland
John M'Cabe,U,Ireland
John James M'Cabe,U,Ireland
John Joseph M'Cabe,U,Ireland
John Patrick M'Cabe,U,Ireland
John Thomas M'Cabe,U,Ireland
Maggie M'Cabe,U,Ireland
Margaret Mary M'Cabe,U,Ireland
Martha Maria M'Cabe,U,Ireland
Mary M'Cabe,U,Ireland
Mary Frances M'Cabe,U,Ireland
Matthew Joseph Leo M'Cabe,U,Ireland
Michael M'Cabe,U,Ireland
Michael Joseph M'Cabe,U,Ireland
Patrick M'Cabe,U,Ireland
Patrick M'Cabe,U,Ireland
Patrick M'Cabe,U,Ireland
Patrick J H M'Cabe,U,Ireland
Rose Christina M'Cabe,U,Ireland
Rosetta Attracta M'Cabe,U,Ireland
Sarah M'Cabe,U,Ireland
Annie M'Cabe,U,Ireland
Annie Theresa M'Cabe,U,Ireland
Bridget Catherine M'Cabe,U,Ireland
Brigid M'Cabe,U,Ireland
Catherine M'Cabe,U,Ireland
Catherine M'Cabe,U,Ireland
Christopher Anthony M'Cabe,U,Ireland
Elizabeth Mary M'Cabe,U,Ireland
Felix M'Cabe,U,Ireland
Florence M'Cabe,U,Ireland
Thomas M'Cabe,U,Ireland
Thomas M'Cabe,U,Ireland
Thomas James M'Cabe,U,Ireland
Female M'Cabe,U,Ireland
John M'Carron,U,Ireland
Kate Anne M'Carron,U,Ireland
Martin M'Carron,U,Ireland
Anthony M'Carron,U,Ireland
Catherine M'Carron,U,Ireland
John M'Carron,U,Ireland
Eileen Mary Abbott,U,Ireland
Mary Elizabeth Abbott,U,Ireland
Matilda Abbott,U,Ireland
Robert Scott Abernethy,U,Ireland
Doris Ena Ablett,U,Ireland
James John Abraham,U,Ireland
Marion Abraham,U,Ireland
Edward Acton,U,Ireland
Hueva Margaret Adair,U,Ireland
John Adair,U,Ireland
John Staunton Adair,U,Ireland
Mary Adair,U,Ireland
Robert Ernest Adair,U,Ireland
William Walker Adair,U,Ireland
Adam Adams,U,Ireland
David Logan Adams,U,Ireland
Lily Adams,U,Ireland
Margaret Adams,U,Ireland
Margaret Webster Adams,U,Ireland
Robert Adams,U,Ireland
Rosetta Adams,U,Ireland
Susannah Adams,U,Ireland
William Andrew Adams,U,Ireland
William Thomas Adams,U,Ireland
Annie Adamson,U,Ireland
Janet Adamson,U,Ireland
Lilian Faith Adamson,U,Ireland
Samuel Adamson,U,Ireland
Michael Habernathy,U,Ireland
James M'Cabe,U,Ireland
James Christopher M'Cabe,U,Ireland
James Melville M'Cabe,U,Ireland
Jane M'Cabe,U,Ireland
John M'Cabe,U,Ireland
Peter M'Cabe,U,Ireland
Peter Ulten M'Cabe,U,Ireland
Rose M'Cabe,U,Ireland
Rose Anne M'Cabe,U,Ireland
Rose Anne M'Cabe,U,Ireland
Susan M'Cabe,U,Ireland
Violet Hettie M'Cabe,U,Ireland
William M'Cabe,U,Ireland
William John M'Cabe,U,Ireland
M'Cabe,U,Ireland
Sarah Anne M'Cadam,U,Ireland
Michael M'Cabe,U,Ireland
Patrick M'Cabe,U,Ireland
Patrick M'Cabe,U,Ireland
Patrick Joseph M'Cabe,U,Ireland
Bridget Abbott,U,Ireland
George Eric Abbott,U,Ireland
Irene Abbott,U,Ireland
William Abbott,U,Ireland
Lionel H L Abercrombie,U,Ireland
John Abernathy,U,Ireland
David Abernethy,U,Ireland
Dorothy Abernethy,U,Ireland
Anna Mary Abraham,U,Ireland
Kathleen Mary Abraham,U,Ireland
Annie Abram,U,Ireland
Alexander Adair,U,Ireland
Edith Adair,U,Ireland
James Adair,U,Ireland
Margaret Adair,U,Ireland
Matilda Adair,U,Ireland
May Adair,U,Ireland
Rose Adair,U,Ireland
William James Adair,U,Ireland
Adair,U,Ireland
Adair,U,Ireland
Freda Guthrie Adam,U,Ireland
Albert Frederick Adams,U,Ireland
Arthur W S Adams,U,Ireland
Mary Helena Aickin,U,Ireland
Male Ebrill,U,Ireland
Catherine M'Adam,U,Ireland
Ellen Elizabeth M'Adam,U,Ireland
Eveline Mary M'Adam,U,Ireland
Myra Ann M'Adam,U,Ireland
Thomas M'Adam,U,Ireland
Bob M'Carron,U,Ireland
Catherine M'Carron,U,Ireland
Cecily M'Carron,U,Ireland
Ellen Josephine M'Carron,U,Ireland
Mabel M'Carron,U,Ireland
Catherine A'Alonan,U,Ireland
Alexander M'Cabe,U,Ireland
Alice M'Cabe,U,Ireland
Patrick Joseph M'Cabe,U,Ireland
Peter M'Cabe,U,Ireland
Robert M'Cabe,U,Ireland
Rose M'Cabe,U,Ireland
Teresa M'Cabe,U,Ireland
Teresa M'Cabe,U,Ireland
Thomas John M'Cabe,U,Ireland
William M'Cabe,U,Ireland
William Watters M'Cabe,U,Ireland
M'Cabe,U,Ireland
Margaret Mary M'Cabe,U,Ireland
Mary M'Cabe,U,Ireland
Mary Eliza M'Cabe,U,Ireland
Mary Josephine M'Cabe,U,Ireland
Nellie M'Cabe,U,Ireland
Patrick M'Cabe,U,Ireland
Solomon Abrahamson,U,Ireland
Joseph Bernard Ackland,U,Ireland
Catherine Acton,U,Ireland
George Acton,U,Ireland
Martin Acton,U,Ireland
Alexander Adair,U,Ireland
Ella Sariah Adair,U,Ireland
Henry Adair,U,Ireland
Joan Stavart Adair,U,Ireland
Robert Adamson,U,Ireland
Valentine Adamson,U,Ireland
John Adair,U,Ireland
Samuel Adair,U,Ireland
William Wright Adair,U,Ireland
Adair,U,Ireland
Adair,U,Ireland
Agnes Adam,U,Ireland
Alice Adams,U,Ireland
Bernard Joseph Adams,U,Ireland
David Walker Adams,U,Ireland
Hector Beckett Adams,U,Ireland
Hugh Adams,U,Ireland
Isabella Adams,U,Ireland
James Adams,U,Ireland
James Bell Adams,U,Ireland
Maggie Adams,U,Ireland
Margaret Chambers Adams,U,Ireland
Mary Adams,U,Ireland
Patrick Adams,U,Ireland
Powena Adams,U,Ireland
Robert Adams,U,Ireland
Walter Samuel Adams,U,Ireland
William Adams,U,Ireland
William James Adams,U,Ireland
John Francis Adamson,U,Ireland
Muriel Adamson,U,Ireland
Robert Adamson,U,Ireland
Andrew Peden M'Adam,U,Ireland
Mary Bodel M'Adam,U,Ireland
Bridget M'Carron,U,Ireland
Edward M'Carron,U,Ireland
John M'Carron,U,Ireland
Rachel M'Adam,U,Ireland
Stella Margaret M'Adam,U,Ireland
Wilhelmina M'Adam,U,Ireland
William M'Adam,U,Ireland
Annie M'Adams,U,Ireland
Rebecca Jane M'Adams,U,Ireland
Kate M'Carron,U,Ireland
Margaret M'Carron,U,Ireland
Sarah Ellen M'Carron,U,Ireland
Catherine M'Cabe,U,Ireland
Ellen M'Cabe,U,Ireland
Alice Mary M'Cabe,U,Ireland
Ann M'Cabe,U,Ireland
Annie M'Cabe,U,Ireland
Bridget M'Cabe,U,Ireland
John M'Cabe,U,Ireland
John M'Cabe,U,Ireland
John Francis M'Cabe,U,Ireland
John Joseph M'Cabe,U,Ireland
John Joseph M'Cabe,U,Ireland
Joseph M'Cabe,U,Ireland
Julia Anne M'Cabe,U,Ireland
Maggie M'Cabe,U,Ireland
Mary Agnes M'Cabe,U,Ireland
Mary Anne M'Cabe,U,Ireland
Matilda M'Cabe,U,Ireland
Finbarr M'Cabe,U,Ireland
Hannah M'Cabe,U,Ireland
Henry M'Cabe,U,Ireland
James M'Cabe,U,Ireland
James M'Cabe,U,Ireland
James M'Cabe,U,Ireland
James M'Cabe,U,Ireland
Annie Adams,U,Ireland
Deborah Adams,U,Ireland
Elizabeth Margaret Adams,U,Ireland
Michael J J Upington,U,Ireland
Reginald Phiroy Ebrahim,U,Ireland
Thomas Habernatty,U,Ireland
Josephine M'Carron,U,Ireland
Lewis M'Carron,U,Ireland
Mary M'Carron,U,Ireland
Mary Agnes M'Carron,U,Ireland
Mary Catherine M'Carron,U,Ireland
Patrick James M'Carron,U,Ireland
Ellen M'Adam,U,Ireland
George Alexander M'Adam,U,Ireland
James Edward M'Adam,U,Ireland
Joseph M'Adam,U,Ireland
Mary Isabella M'Adam,U,Ireland
Rachel M'Adam,U,Ireland
William M'Adam,U,Ireland
James Joseph M'Cabe,U,Ireland
John M'Cabe,U,Ireland
John James M'Cabe,U,Ireland
Josephine M'Cabe,U,Ireland
Kate M'Cabe,U,Ireland
Alice M'Cabe,U,Ireland
Andrew Francis M'Cabe,U,Ireland
Anne M'Cabe,U,Ireland
Annie M'Cabe,U,Ireland
Bernard M'Cabe,U,Ireland
Catherine M'Cabe,U,Ireland
Catherine M'Cabe,U,Ireland
Catherine M'Cabe,U,Ireland
Catherine M'Cabe,U,Ireland
Desmond Joseph M'Cabe,U,Ireland
Eleanor M'Cabe,U,Ireland
Elizabeth M'Cabe,U,Ireland
Elizabeth M'Cabe,U,Ireland
Ethel M'Cabe,U,Ireland
Felix M'Cabe,U,Ireland
Herbert John M'Cabe,U,Ireland
Hugh M'Cabe,U,Ireland
James M'Cabe,U,Ireland
Kathleen Mary Anne M'Cabe,U,Ireland
Katie M'Cabe,U,Ireland
Margaret Elizabeth M'Cabe,U,Ireland
Michael Edward M'Cabe,U,Ireland
Nellie M'Cabe,U,Ireland
Nicholas M'Cabe,U,Ireland
Patrick M'Cabe,U,Ireland
Patrick M'Cabe,U,Ireland
Patrick M'Cabe,U,Ireland
Patrick Joseph M'Cabe,U,Ireland
Peter M'Cabe,U,Ireland
Peter M'Cabe,U,Ireland
Sarah Ann M'Cabe,U,Ireland
Thomas Joseph M'Cabe,U,Ireland
Annie M'Carron,U,Ireland
Bridget Josephine M'Carron,U,Ireland
John Joseph M'Carron,U,Ireland
Reginald G Abraham,U,Ireland
Kathleen E C Abraham,U,Ireland
Christina Anne Abbey,U,Ireland
Agnes Abbott,U,Ireland
Cecil Robert David Abbott,U,Ireland
Jane Anna Abbott,U,Ireland
Christina Abel,U,Ireland
Agnes Marian Abernethy,U,Ireland
Jane Abernethy,U,Ireland
Robert Abernethy,U,Ireland
Abernethy,U,Ireland
Gertrude Abraham,U,Ireland
Harold Robert Abraham,U,Ireland
Henry Abraham,U,Ireland
John Wesley Abraham,U,Ireland
William Abraham,U,Ireland
Arthur Aicken,U,Ireland
Clara Violet Aickin,U,Ireland
Mary Abbey,U,Ireland
Kate Abbott,U,Ireland
Kathleen Abbott,U,Ireland
Howard Abernethy,U,Ireland
John Abernethy,U,Ireland
John Abernety,U,Ireland
Emma Jane Abraham,U,Ireland
Kate Abraham,U,Ireland
Sarah Maud Abraham,U,Ireland
John Patrick Acton,U,Ireland
Josephine Acton,U,Ireland
Alexander Adair,U,Ireland
David Adair,U,Ireland
Elizabeth Adair,U,Ireland
James Adair,U,Ireland
Maggie Adair,U,Ireland
Mary Jane Adair,U,Ireland
Sarah Fanny Adair,U,Ireland
Hugh M'Carron,U,Ireland
James Thomas M'Carron,U,Ireland
John M'Carron,U,Ireland
Patrick M'Carron,U,Ireland
Sarah M'Carron,U,Ireland
Agnes M'Cabe,U,Ireland
Agnes M'Cabe,U,Ireland
Beresford M'Cabe,U,Ireland
Bridget M'Cabe,U,Ireland
Charles M'Cabe,U,Ireland
Elizabeth M'Cabe,U,Ireland
Elizabeth M'Cabe,U,Ireland
Hugh M'Cabe,U,Ireland
Isiah B S M'Cabe,U,Ireland
James M'Cabe,U,Ireland
James M'Cabe,U,Ireland
John M'Cabe,U,Ireland
John M'Cabe,U,Ireland
John Joseph M'Cabe,U,Ireland
Lawrence M'Cabe,U,Ireland
Lillian Kathleen M'Cabe,U,Ireland
Lizzie M'Cabe,U,Ireland
Margaret Mary M'Cabe,U,Ireland
Mary M'Cabe,U,Ireland
Mary M'Cabe,U,Ireland
Mary Anne M'Cabe,U,Ireland
Mary Anne M'Cabe,U,Ireland
Mary Ellen M'Cabe,U,Ireland
Michael M'Cabe,U,Ireland
Owen M'Cabe,U,Ireland
Owen M'Cabe,U,Ireland
Patrick M'Cabe,U,Ireland
Robert Charles M'Cabe,U,Ireland
Robert William M'Cabe,U,Ireland
Rose M'Cabe,U,Ireland
Rose Anne M'Cabe,U,Ireland
Thomas M'Cabe,U,Ireland
William James M'Cabe,U,Ireland
Winifred Anna M'Cabe,U,Ireland
Sophia M'Cadam,U,Ireland
Bridget Adamson,U,Ireland
James Arthur Aicken,U,Ireland
Mary Anne Abbey,U,Ireland
Benjamin William Abbott,U,Ireland
Elizabeth Abbott,U,Ireland
Martin Abbott,U,Ireland
William George Abbott,U,Ireland
Frances A Abercombie,U,Ireland
Barnett N Abramovitch,U,Ireland
Christopher Joseph Acton,U,Ireland
Robert Harty Acton,U,Ireland
Alexander Adair,U,Ireland
Hugh Adair,U,Ireland
Jane Adair,U,Ireland
John Adair,U,Ireland
Margaret Adair,U,Ireland
Alfred Adams,U,Ireland
Alice Adams,U,Ireland
Andrew Adams,U,Ireland
Cordelia Josephine Adams,U,Ireland
Edward Adams,U,Ireland
Ernest Joseph Adams,U,Ireland
Eva Mary Adams,U,Ireland
Henry John Adams,U,Ireland
James Adams,U,Ireland
John Adams,U,Ireland
John Thomas Adams,U,Ireland
Joseph M'Clelland Adams,U,Ireland
Martha M'Quade Adams,U,Ireland
Robert Adams,U,Ireland
Robert Gilmore Adams,U,Ireland
William Adams,U,Ireland
William Adams,U,Ireland
William Gray Adams,U,Ireland
William James Adams,U,Ireland
Male Adams,U,Ireland
Anthony Adamson,U,Ireland
Francis Eccleton,U,Ireland
Annie M'Carron,U,Ireland
Mary Bridget M'Carron,U,Ireland
Neal O'Donnell M'Carron,U,Ireland
Sarah Sophia M'Adam,U,Ireland
Thomas M'Adam,U,Ireland
Annie M'Adams,U,Ireland
Alice M'Cabe,U,Ireland
Andrew M'Cabe,U,Ireland
Annie M'Cabe,U,Ireland
Bridget M'Cabe,U,Ireland
Bridget M'Cabe,U,Ireland
Catherine M'Cabe,U,Ireland
Edward M'Cabe,U,Ireland
Edward Royal M'Cabe,U,Ireland
Ellen M'Cabe,U,Ireland
Ellen M'Cabe,U,Ireland
Ellen M'Cabe,U,Ireland
Ellen M'Cabe,U,Ireland
Hugh M'Cabe,U,Ireland
John James M'Cabe,U,Ireland
John James M'Cabe,U,Ireland
Leo Patrick M'Cabe,U,Ireland
Maggie M'Cabe,U,Ireland
Martin M'Cabe,U,Ireland
Mary M'Cabe,U,Ireland
Mary M'Cabe,U,Ireland
Mary Agnes M'Cabe,U,Ireland
Mary Anne M'Cabe,U,Ireland
Michael Joseph M'Cabe,U,Ireland
Norah M'Cabe,U,Ireland
Owen Joseph M'Cabe,U,Ireland
Patrick M'Cabe,U,Ireland
Patrick M'Cabe,U,Ireland
Richard Ambrose M'Cabe,U,Ireland
Rose M'Cabe,U,Ireland
Sarah Jane M'Cabe,U,Ireland
Susan M'Cabe,U,Ireland
Thomas M'Cabe,U,Ireland
Thomas M'Cabe,U,Ireland
Female M'Cabe,U,Ireland
Female M'Cabe,U,Ireland
,U,Ireland
Ellen Abbey,U,Ireland
Peter Abbey,U,Ireland
Joseph Abbott,U,Ireland
Florence Abernethy,U,Ireland
James Abernethy,U,Ireland
Ann Abraham,U,Ireland
Fanny Jane Abraham,U,Ireland
John Leo Abraham,U,Ireland
Ruth Helena Abraham,U,Ireland
James Abram,U,Ireland
Patrick M'Cabe,U,Ireland
Patrick Joseph M'Cabe,U,Ireland
Robert Alexander M'Cabe,U,Ireland
Rose Mary M'Cabe,U,Ireland
Sara Winefred M'Cabe,U,Ireland
Sarah M'Cabe,U,Ireland
Susan M'Cabe,U,Ireland
Terence M'Cabe,U,Ireland
Thomas M'Cabe,U,Ireland
Anne M'Carron,U,Ireland
Arthur M'Carron,U,Ireland
Elizabeth M'Carron,U,Ireland
James M'Carron,U,Ireland
John M'Carron,U,Ireland
Susan M'Carron,U,Ireland
Evelyn Mary Abraham,U,Ireland
Robert Burns Adair,U,Ireland
Robert James Adair,U,Ireland
William Henry Adair,U,Ireland
William Houston Adair,U,Ireland
William John Adair,U,Ireland
Alice Adams,U,Ireland
Alice Caroline Adams,U,Ireland
Brendan Adams,U,Ireland
Eileen Annetta Adams,U,Ireland
Eliza Agnes Adams,U,Ireland
Bernard Abrahamson,U,Ireland
Annie Eveline Adair,U,Ireland
Bessie Harrison Adair,U,Ireland
Eleanor Janet Adair,U,Ireland
Frederick Harrison Adair,U,Ireland
John Adair,U,Ireland
Josephine Victoria Adair,U,Ireland
Kathleen Wilson Adair,U,Ireland
Marguerite Josephine Adair,U,Ireland
Elizabeth Adams,U,Ireland
Elizabeth Jane Adams,U,Ireland
Frank Adams,U,Ireland
George Adams,U,Ireland
Hans Lee Adams,U,Ireland
Henry David Adams,U,Ireland
John Adams,U,Ireland
John Adams,U,Ireland
John Herbert Adams,U,Ireland
John Stanley Adams,U,Ireland
Kathleen Adams,U,Ireland
Lizzie Isabella Adams,U,Ireland
Margaret Adams,U,Ireland
Margaret Roulston E Adams,U,Ireland
Martha Jane G Adams,U,Ireland
Winifred Constance P Abraham,U,Ireland
Elizabeth Abbey,U,Ireland
Patrick Abbey,U,Ireland
Catherine Mary Abbott,U,Ireland
Male Abernethy,U,Ireland
Michael Alfred H Abraham,U,Ireland
William James Abraham,U,Ireland
Frances A M'Adams,U,Ireland
John Francis M'Carron,U,Ireland
Thomas M'Carron,U,Ireland
Con M'Carron,U,Ireland
David M'Carron,U,Ireland
Grace M'Carron,U,Ireland
Henry M'Carron,U,Ireland
Anna Maria M'Cabe,U,Ireland
Annie M'Cabe,U,Ireland
Bridget M'Cabe,U,Ireland
Catherine M'Cabe,U,Ireland
Catherine M'Cabe,U,Ireland
Catherine M'Cabe,U,Ireland
Charles M'Cabe,U,Ireland
Charles Edward M'Cabe,U,Ireland
Edith M'Cabe,U,Ireland
Gertrude Esther M'Cabe,U,Ireland
Hannah M'Cabe,U,Ireland
Xaverius H Blake-Butler,U,Ireland
Xavier John Kennedy,U,Ireland
Xavier Robert Lumsden,U,Ireland
Xaveria Mary Bermingham,U,Ireland
Xavier Joseph Gallagher,U,Ireland
Xenia Mary Crossley,U,Ireland
Xtina Corbett,U,Ireland
Xenophon Simologos,U,Ireland
Xenia Bashkiroff Crossley,U,Ireland
Xerri Salvatore,U,Ireland
X William Culkin,U,Ireland
Elizabeth M'Cabe,U,Ireland
Elizabeth Wilson M'Cabe,U,Ireland
Johanna M'Cabe,U,Ireland
John M'Cabe,U,Ireland
John William M'Cabe,U,Ireland
Margaret M'Cabe,U,Ireland
Alice M'Cabe,U,Ireland
Anne Christina M'Cabe,U,Ireland
Margaret M'Cabe,U,Ireland
Margaret Winefred M'Cabe,U,Ireland
Maria Theresa M'Cabe,U,Ireland
Mary M'Cabe,U,Ireland
Mary Florence M'Cabe,U,Ireland
Michael John M'Cabe,U,Ireland
Michael John M'Cabe,U,Ireland
Patricia M'Cabe,U,Ireland
Patrick M'Cabe,U,Ireland
Patrick M'Cabe,U,Ireland
Patrick M'Cabe,U,Ireland
Robert M'Cabe,U,Ireland
Susan M'Cabe,U,Ireland
Susan M'Cabe,U,Ireland
Teresa M'Cabe,U,Ireland
Joseph M'Cadam,U,Ireland
Guiseppe Taccvella,U,Ireland
James Joseph Adams,U,Ireland
James Samuel Adams,U,Ireland
Jane Adams,U,Ireland
John Adams,U,Ireland
John Joseph Adams,U,Ireland
Mary Ellen Adams,U,Ireland
Mary Julia Adams,U,Ireland
Mary Kathleen Adams,U,Ireland
Moira Joyce Stevenson Adams,U,Ireland
Muriel Katherine Adams,U,Ireland
Olive Adelaide Daisy Adams,U,Ireland
Reginald Adams,U,Ireland
Robert Adams,U,Ireland
Sadie Elizabeth Adams,U,Ireland
Mary Adair,U,Ireland
Emily Abbott,U,Ireland
Margaret Mary Ellen Abbott,U,Ireland
Mary Abbott,U,Ireland
Rosanna Abbott,U,Ireland
Thomas Henry Abbott,U,Ireland
Mark Abernethy,U,Ireland
Rose Abernethy,U,Ireland
Thomas Abernethy,U,Ireland
Violet Daisy Kate Ablett,U,Ireland
Albert Reginald Abraham,U,Ireland
David Abraham,U,Ireland
Deborah Jane Abraham,U,Ireland
Mary Elizabeth Abraham,U,Ireland
Thomas Wesley Abraham,U,Ireland
Raphael Joseph Abrams,U,Ireland
Kathleen Acton,U,Ireland
Patrick Acton,U,Ireland
Jessie Purvis Adair,U,Ireland
John Joseph Adair,U,Ireland
Margaret Ellen Adair,U,Ireland
Mary Aicken,U,Ireland
Elizabeth M'Adam,U,Ireland
Etheline M'Adam,U,Ireland
Gertrude Selina M'Adam,U,Ireland
Robert M'Adam,U,Ireland
Thomas Alfred M'Adams,U,Ireland
Michael M'Carron,U,Ireland
Sarah M'Carron,U,Ireland
Andrew M'Cabe,U,Ireland
Anne M'Cabe,U,Ireland
Bridget Rose M'Cabe,U,Ireland
Catherine Frances M'Cabe,U,Ireland
Eliza M'Cabe,U,Ireland
Maggie M'Cabe,U,Ireland
Margaret M'Cabe,U,Ireland
Christopher M'Cabe,U,Ireland
David M'Cabe,U,Ireland
Ellen M'Cabe,U,Ireland
Ellen M'Cabe,U,Ireland
Frances M'Cabe,U,Ireland
James M'Cabe,U,Ireland
James M'Cabe,U,Ireland
James M'Cabe,U,Ireland
James Arthur M'Cabe,U,Ireland
John M'Cabe,U,Ireland
John M'Cabe,U,Ireland
Joseph M'Cabe,U,Ireland
Mary Anne M'Cabe,U,Ireland
Peter M'Cabe,U,Ireland
Rose M'Cabe,U,Ireland
Samuel Finlay M'Cabe,U,Ireland
William John M'Cabe,U,Ireland
M'Cabe,U,Ireland
Mary Frances M'Cabe,U,Ireland
Mary Helena M'Cabe,U,Ireland
Myles M'Cabe,U,Ireland
Kathleen M'Cabe,U,Ireland
Laura Helen M'Cabe,U,Ireland
Owen M'Cabe,U,Ireland
Patrick M'Cabe,U,Ireland
Patrick Francis M'Cabe,U,Ireland
Patrick Joseph M'Cabe,U,Ireland
Bridget M'Carron,U,Ireland
Daniel M'Carron,U,Ireland
Ellen M'Carron,U,Ireland
James Alexander M'Carron,U,Ireland
John M'Carron,U,Ireland
Mary M'Carron,U,Ireland
Patrick Joseph M'Carron,U,Ireland
Michael O'Daire,U,Ireland
George Abbott,U,Ireland
George Dickson Abernethy,U,Ireland
Alford Abraham,U,Ireland
Mary Ann Abraham,U,Ireland
Freda Abrahamovitch,U,Ireland
Lily Abrahamson,U,Ireland
David Adair,U,Ireland
Eileen Mary Adair,U,Ireland
Hugh Adair,U,Ireland
James Adair,U,Ireland
James Adair,U,Ireland
Jane Orr Adair,U,Ireland
Martha Adair,U,Ireland
Mary Agnes Adair,U,Ireland
Thomas Benjamin Adair,U,Ireland
William Adair,U,Ireland
William Adair,U,Ireland
William Alexander Adair,U,Ireland
William S B Adair,U,Ireland
Alice Adams,U,Ireland
Annie Adams,U,Ireland
Annie Mary Adams,U,Ireland
Stewart Aicken,U,Ireland
Patrick Joseph M'Carran,U,Ireland
Anne M'Carron,U,Ireland
Bridget M'Carron,U,Ireland
Bridget M'Carron,U,Ireland
Daniel M'Carron,U,Ireland
James M'Carron,U,Ireland
James M'Carron,U,Ireland
James M'Carron,U,Ireland
John M'Carron,U,Ireland
Joseph M'Carron,U,Ireland
Sarah M'Carron,U,Ireland
Sarah M'Carron,U,Ireland
Anne Maria M'Cabe,U,Ireland
Annie M'Cabe,U,Ireland
Annie M'Cabe,U,Ireland
Bernard Joseph M'Cabe,U,Ireland
Edith Mary M'Cabe,U,Ireland
Joseph Mary Vincent Nicholas M'Cabe,U,Ireland
Margaretta Teresa M'Cabe,U,Ireland
Mary M'Cabe,U,Ireland
Mary M'Cabe,U,Ireland
Mary M'Cabe,U,Ireland
Mary Jane M'Cabe,U,Ireland
Mary Kathleen M'Cabe,U,Ireland
Michael M'Cabe,U,Ireland
Norah Cecilia M'Cabe,U,Ireland
Patrick M'Cabe,U,Ireland
Patrick M'Cabe,U,Ireland
Rose M'Cabe,U,Ireland
Rose Anne M'Cabe,U,Ireland
Teresa M'Cabe,U,Ireland
Thomas M'Cabe,U,Ireland
William M'Cabe,U,Ireland
William M'Cabe,U,Ireland
Catherine M'Carron,U,Ireland
George M'Carron,U,Ireland
Patrick M'Carron,U,Ireland
Patrick M'Carron,U,Ireland
Sarah Josephine M'Carron,U,Ireland
Gwendoline Alice M'Carron,U,Ireland
Matthew M'Carron,U,Ireland
Ellen M'Adam,U,Ireland
James Rea M'Adam,U,Ireland
Margaret Jane M'Adam,U,Ireland
Mary Ellen M'Adam,U,Ireland
Samuel George M'Adam,U,Ireland
Louisa M'Adams,U,Ireland
Doreen Adair,U,Ireland
Catherine Abernethy,U,Ireland
Ethel Abernethy,U,Ireland
Samuel Leslie Abernethy,U,Ireland
Thomas Edward Abernethy,U,Ireland
Margaret Abraham,U,Ireland
Robert Abraham,U,Ireland
Walter John Abraham,U,Ireland
Mabel Emma Ackroyd,U,Ireland
John Joseph Acton,U,Ireland
Agnes Pyper Adair,U,Ireland
Edwin John Adair,U,Ireland
Henry Adair,U,Ireland
John Adair,U,Ireland
Maggie Adair,U,Ireland
Robert Atcheson Adair,U,Ireland
Stanley Wilson Adair,U,Ireland
Christina Adams,U,Ireland
Eileen Adams,U,Ireland
Florence Eileen S Adams,U,Ireland
George Abbott,U,Ireland
Mary Bridget Abbott,U,Ireland
Richard Cecil Abbott,U,Ireland
Mary Abbey,U,Ireland
Alfred Frederick Abbott,U,Ireland
Herbert Alexander Adams,U,Ireland
John Adams,U,Ireland
Maggie Adams,U,Ireland
Margaret Magdalen Adams,U,Ireland
Ralph Adams,U,Ireland
Thomas James Adams,U,Ireland
William Adams,U,Ireland
William Hugh Adams,U,Ireland
Henry Joseph Adamson,U,Ireland
Hugh Alexander Adamson,U,Ireland
John Baxter Adamson,U,Ireland
Samuel Adamson,U,Ireland
Thomas Alexander Adamson,U,Ireland
George Aicken,U,Ireland
William Charles Aicken,U,Ireland
Ambrose Patrick M'Cabe,U,Ireland
Anna Mary Elizabeth M'Cabe,U,Ireland
Bridget M'Cabe,U,Ireland
Bridget M'Cabe,U,Ireland
Catherine M'Cabe,U,Ireland
Mary Anne M'Carron,U,Ireland
Catherine M'Carron,U,Ireland
Lizzie M'Adam,U,Ireland
Lizzie M'Adam,U,Ireland
Mary Alice M'Adam,U,Ireland
Mary Ellen M'Adam,U,Ireland
Julia Abbey,U,Ireland
Robert Aden Abbey,U,Ireland
Elizabeth Abbott,U,Ireland
James Joseph Abbott,U,Ireland
Jane Abbott,U,Ireland
Joseph Michael Abbott,U,Ireland
James Adams,U,Ireland
James Adams,U,Ireland
Jemima Adams,U,Ireland
Joan Adams,U,Ireland
John Adams,U,Ireland
John Adams,U,Ireland
Kate Adams,U,Ireland
Kathleen Adams,U,Ireland
Mary Eveline Adams,U,Ireland
Rachel Leonora Adams,U,Ireland
Richard Blackwell Adams,U,Ireland
Samuel Adams,U,Ireland
Eveline Able,U,Ireland
Christopher Ronald Abraham,U,Ireland
Ida Abraham,U,Ireland
Richard William Abraham,U,Ireland
William Bernard Abraham,U,Ireland
Ethel Abrahamson,U,Ireland
James William L Acton,U,Ireland
Norah Acton,U,Ireland
Agnes Adair,U,Ireland
Bernard Adair,U,Ireland
Eliza Mary Adair,U,Ireland
Elizabeth Adair,U,Ireland
Elizabeth Hunter Adair,U,Ireland
Ellen Adair,U,Ireland
Essie Adair,U,Ireland
John Adair,U,Ireland
Margaret Adair,U,Ireland
Sadie Adair,U,Ireland
Sarah Adair,U,Ireland
William Adair,U,Ireland
William Adair,U,Ireland
Alfred John Adams,U,Ireland
Annie Adams,U,Ireland
David Adams,U,Ireland
Emaline Jane Adams,U,Ireland
Florence Adams,U,Ireland
Francis Thomas Adams,U,Ireland
George David Adams,U,Ireland
Stephen Adams,U,Ireland
Thomas Adams,U,Ireland
Dorothy Aysha (1901) Adamson,U,Ireland
Eileen Adamson,U,Ireland
James Kerr St George Adamson,U,Ireland
Jane Allen Adamson,U,Ireland
John Adamson,U,Ireland
Mary Ellen Adamson,U,Ireland
Thomas Adamson,U,Ireland
Hamilton Aicken,U,Ireland
Aghatha Elizabeth M M'Cabe,U,Ireland
Anna Margaret M'Cabe,U,Ireland
Annie M'Cabe,U,Ireland
Bridget M'Cabe,U,Ireland
Charlotte M'Cabe,U,Ireland
Christina M'Cabe,U,Ireland
Cornelius M'Cabe,U,Ireland
Edward M'Cabe,U,Ireland
Elizabeth M'Cabe,U,Ireland
Elizabeth Mary M'Cabe,U,Ireland
Eugene M'Cabe,U,Ireland
James Dominick M'Cabe,U,Ireland
Jane M'Cabe,U,Ireland
David Adair,U,Ireland
Hugh Adair,U,Ireland
James Adair,U,Ireland
Mary Adair,U,Ireland
Richard W D Adair,U,Ireland
Susanna Adair,U,Ireland
Thomas Spears Adam,U,Ireland
Agnes Adams,U,Ireland
Andrew Armstrong Adams,U,Ireland
Ellen Abbey,U,Ireland
Ellen Abbitt,U,Ireland
Annie Elizabeth Abbott,U,Ireland
Emily Abbott,U,Ireland
Michael Abbott,U,Ireland
Agnes Adams,U,Ireland
Annie Adams,U,Ireland
Annie Adams,U,Ireland
Eileen Mary Adams,U,Ireland
Franklin Manderson Adams,U,Ireland
Frederick Thompson Adams,U,Ireland
Isabella Adams,U,Ireland
John Adams,U,Ireland
Mary Ann Adams,U,Ireland
Myrtle Adams,U,Ireland
Nicholas Alfred C Adams,U,Ireland
Paul Adams,U,Ireland
Robert Adams,U,Ireland
Robert John Adams,U,Ireland
Thomas Adams,U,Ireland
Wilhelmina Adams,U,Ireland
William Adams,U,Ireland
William Robert Adams,U,Ireland
Male Adams,U,Ireland
Mary Anne Eckleton,U,Ireland
Mary Habernathy,U,Ireland
Albert Edward M'Cabe,U,Ireland
Anne M'Cabe,U,Ireland
Patrick M'Cabe,U,Ireland
Patrick M'Cabe,U,Ireland
Patrick M'Cabe,U,Ireland
Patrick Joseph M'Cabe,U,Ireland
Peter M'Cabe,U,Ireland
Rosetta M'Cabe,U,Ireland
Rosetta M'Cabe,U,Ireland
Sarah M'Cabe,U,Ireland
Sarah Coburn M'Cabe,U,Ireland
Thomas M'Cabe,U,Ireland
Ultan M'Cabe,U,Ireland
Male M'Cabe,U,Ireland
Annette M'Cabe,U,Ireland
Bridget Anne M'Cabe,U,Ireland
Catherine M'Cabe,U,Ireland
Daniel Joseph M'Cabe,U,Ireland
Elizabeth M'Cabe,U,Ireland
Francis M'Cabe,U,Ireland
Gerard M'Cabe,U,Ireland
John M'Cabe,U,Ireland
John Joseph M'Cabe,U,Ireland
Joseph M'Cabe,U,Ireland
Kate M'Cabe,U,Ireland
Kate M'Cabe,U,Ireland
Letitia M'Cabe,U,Ireland
Maggie M'Cabe,U,Ireland
Maggie M'Cabe,U,Ireland
Margaret Elizabeth M'Cabe,U,Ireland
Margaret Marr M'Cabe,U,Ireland
Mary M'Cabe,U,Ireland
Mary M'Cabe,U,Ireland
Mary M'Cabe,U,Ireland
Mary Carmel M'Cabe,U,Ireland
Michael M'Cabe,U,Ireland
Michael John M'Cabe,U,Ireland
Owen M'Cabe,U,Ireland
Eamonn Thomas M'Carron,U,Ireland
Ellen M'Carron,U,Ireland
Alexander Adair,U,Ireland
Eveline Adair,U,Ireland
James Adair,U,Ireland
Jane Adair,U,Ireland
Mary Adair,U,Ireland
Robert Adair,U,Ireland
Robert Adair,U,Ireland
Samuel Thompson Adair,U,Ireland
Sarah Adair,U,Ireland
William Adair,U,Ireland
Arthur Adams,U,Ireland
Elizabeth Adams,U,Ireland
Florence Adams,U,Ireland
George Silvey Adams,U,Ireland
Isabella Adams,U,Ireland
Monica Mary Agnes M'Carren,U,Ireland
Alice M'Carron,U,Ireland
Bridget M'Carron,U,Ireland
Mary Eliza G M'Adam,U,Ireland
Minnie M'Adam,U,Ireland
Sarah M'Adam,U,Ireland
James Leo M'Adams,U,Ireland
Eugene M'Carron,U,Ireland
Joseph M'Carron,U,Ireland
Mary M'Carron,U,Ireland
Patrick M'Carron,U,Ireland
Albert M'Cabe,U,Ireland
Anne M'Cabe,U,Ireland
Anne M'Cabe,U,Ireland
Annie M'Cabe,U,Ireland
Bridget M'Cabe,U,Ireland
Bridget M'Cabe,U,Ireland
Bridget M'Cabe,U,Ireland
Bridget Josephine M'Cabe,U,Ireland
Charles Joseph M'Cabe,U,Ireland
Edward M'Cabe,U,Ireland
Edward M'Cabe,U,Ireland
Edward Patrick M'Cabe,U,Ireland
Elizabeth M'Cabe,U,Ireland
Eugene M'Cabe,U,Ireland
George M'Cabe,U,Ireland
James M'Cabe,U,Ireland
James Edward M'Cabe,U,Ireland
John M'Cabe,U,Ireland
John M'Cabe,U,Ireland
Josephine M'Cabe,U,Ireland
Kate M'Cabe,U,Ireland
Margaret M'Cabe,U,Ireland
Mary M'Cabe,U,Ireland
Mary M'Cabe,U,Ireland
Mary M'Cabe,U,Ireland
Mary Anne M'Cabe,U,Ireland
Michael M'Cabe,U,Ireland
Patrick M'Cabe,U,Ireland
Patrick M'Cabe,U,Ireland
Patrick M'Cabe,U,Ireland
Peter M'Cabe,U,Ireland
Peter Cornelius Patrick M'Cabe,U,Ireland
Terence Leo M'Cabe,U,Ireland
Thomas M'Cabe,U,Ireland
Thomas M'Cabe,U,Ireland
Winfred M'Cabe,U,Ireland
Jeannie St Clair Aicken,U,Ireland
Female Abbott,U,Ireland
Female Abbott,U,Ireland
Ernest Abernethy,U,Ireland
Sarah Jane Abernethy,U,Ireland
Donald Ernest Ablett,U,Ireland
Daniel Abraham,U,Ireland
Harrison Abraham,U,Ireland
Susan Abraham,U,Ireland
Eileen Tresilian Acton,U,Ireland
Alexander Adair,U,Ireland
Anne Adair,U,Ireland
Annie Adair,U,Ireland
Minnie Adams,U,Ireland
Robert Adams,U,Ireland
Robert Adams,U,Ireland
Rosina Elizabeth Adams,U,Ireland
Sarah Adams,U,Ireland
William James Adams,U,Ireland
Charles M'Carron,U,Ireland
Gilbert M'Carron,U,Ireland
James Joseph M'Carron,U,Ireland
John M'Carron,U,Ireland
Mary Catherine M'Carron,U,Ireland
Patrick M'Carron,U,Ireland
David George M'Adam,U,Ireland
Jane M'Adam,U,Ireland
Mary M'Adam,U,Ireland
Patrick James M'Adam,U,Ireland
Sarah Jane M'Adam,U,Ireland
Wilson M'Adam,U,Ireland
Winifred M'Adam,U,Ireland
Daniel M'Adams,U,Ireland
James Stephen M'Cabe,U,Ireland
Jane M'Cabe,U,Ireland
Jane Anne M'Cabe,U,Ireland
Teresa M'Cabe,U,Ireland
Thomas M'Cabe,U,Ireland
Margaret M'Cabe,U,Ireland
Margaret M'Cabe,U,Ireland
Margaret M'Cabe,U,Ireland
Michael M'Cabe,U,Ireland
Michael M'Cabe,U,Ireland
Michael M'Cabe,U,Ireland
Patrick M'Cabe,U,Ireland
Patrick Ross M'Cabe,U,Ireland
Peter M'Cabe,U,Ireland
Peter M'Cabe,U,Ireland
Peter M'Cabe,U,Ireland
Susan M'Cabe,U,Ireland
Teresa M'Cabe,U,Ireland
John M'Cabe,U,Ireland
John James M'Cabe,U,Ireland
Kate M'Cabe,U,Ireland
Kathleen M'Cabe,U,Ireland
Kevin Joseph M'Cabe,U,Ireland
Lawrence M'Cabe,U,Ireland
Luke Patrick M'Cabe,U,Ireland
Maggie M'Cabe,U,Ireland
Margaret M'Cabe,U,Ireland
Thomas Frederick M'Cabe,U,Ireland
William Patrick M'Cabe,U,Ireland
Arthur Earle M'Cabe,U,Ireland
Benjamin Copperthwaite M'Cabe,U,Ireland
Bernard M'Cabe,U,Ireland
Bridget M'Cabe,U,Ireland
Catherine M'Cabe,U,Ireland
Christopher M'Cabe,U,Ireland
Eliza M'Cabe,U,Ireland
Elizabeth M'Cabe,U,Ireland
Francis M'Cabe,U,Ireland
Francis M'Cabe,U,Ireland
Francis Joseph M'Cabe,U,Ireland
James M'Cabe,U,Ireland
James Joseph M'Cabe,U,Ireland
Alice M'Cabe,U,Ireland
Anne M'Cabe,U,Ireland
Catherine Abbott,U,Ireland
Margaret Abbott,U,Ireland
Mary Abbott,U,Ireland
Patrick Abbott,U,Ireland
Susan Irene Abbott,U,Ireland
Walter Abel,U,Ireland
David James Abernethy,U,Ireland
George Abernethy,U,Ireland
Michael Francis Ablett,U,Ireland
Herbert Nathaniel Abraham,U,Ireland
Bridget Acton,U,Ireland
Patrick Joseph M'Cabe,U,Ireland
Peter M'Cabe,U,Ireland
Richard Thomas M'Cabe,U,Ireland
Robert M'Cabe,U,Ireland
Robert Andrew M'Cabe,U,Ireland
Thomas M'Cabe,U,Ireland
Winifred M'Cabe,U,Ireland
Male M'Cabe,U,Ireland
Elizabeth M'Cabe,U,Ireland
Ernest Campbell M'Cabe,U,Ireland
Henry M'Cabe,U,Ireland
Kate M'Cabe,U,Ireland
Kate 1902 M'Cabe,U,Ireland
Lena May M'Cabe,U,Ireland
Margaret M'Cabe,U,Ireland
Margaret M'Cabe,U,Ireland
Henry M'Carron,U,Ireland
Mary M'Carron,U,Ireland
Susan M'Carron,U,Ireland
Eliza Ann M'Adam,U,Ireland
Isabella M'Adam,U,Ireland
Ruth Jane M'Adam,U,Ireland
Samuel James M'Adam,U,Ireland
Edward M'Adams,U,Ireland
Robert Cairnduff M'Adams,U,Ireland
Michael M'Cabe,U,Ireland
Allan M'Cabe,U,Ireland
Aloysius John M'Cabe,U,Ireland
Anne Ethel M'Cabe,U,Ireland
Arthur M'Cabe,U,Ireland
Bernard M'Cabe,U,Ireland
Bernard M'Cabe,U,Ireland
Catherine M'Cabe,U,Ireland
Catherine M'Cabe,U,Ireland
Daniel M'Cabe,U,Ireland
Edward M'Cabe,U,Ireland
Eliza Ann C M'Cabe,U,Ireland
William John M'Carren,U,Ireland
David Alfred Adams,U,Ireland
Eliza Moffett Adair,U,Ireland
George Herbert Harrison Adair,U,Ireland
Hugh Adair,U,Ireland
Kathleen Adair,U,Ireland
Maggie Adair,U,Ireland
Margaret Adair,U,Ireland
Margaret Adair,U,Ireland
Margaret Lewis Adair,U,Ireland
William Adair,U,Ireland
William John R Adair,U,Ireland
Alexander Adams,U,Ireland
Charles Henry Adams,U,Ireland
Christopher James Adams,U,Ireland
Christopher Michael Adams,U,Ireland
David Adams,U,Ireland
Ethel Adams,U,Ireland
Evelyn May Adams,U,Ireland
Henry John Adams,U,Ireland
Hugh Adams,U,Ireland
Patrick Abbey,U,Ireland
Maggie Abbott,U,Ireland
Abbott,U,Ireland
Bridget Abraham,U,Ireland
Abraham,U,Ireland
Ellen Abrahamson,U,Ireland
Myer Abrahamson,U,Ireland
Charles William Adamson,U,Ireland
William Adamson,U,Ireland
John Adams,U,Ireland
John Edward Adams,U,Ireland
John Herbert Adams,U,Ireland
John Holden Adams,U,Ireland
Josephine Adams,U,Ireland
Joshua Adams,U,Ireland
Lionel Douglas Adams,U,Ireland
Margaret Adams,U,Ireland
Anne M'Cabe,U,Ireland
Bridget M'Cabe,U,Ireland
Bridget M'Cabe,U,Ireland
Bridget M'Cabe,U,Ireland
Patrick James M'Cabe,U,Ireland
Rose M'Cabe,U,Ireland
Sarah M'Cabe,U,Ireland
Sarah Catherine M'Cabe,U,Ireland
Susan M'Cabe,U,Ireland
Terence M'Cabe,U,Ireland
Male M'Cabe,U,Ireland
Anne M'Carron,U,Ireland
Catherine M'Carron,U,Ireland
John M'Carron,U,Ireland
John M'Carron,U,Ireland
Richard M'Carron,U,Ireland
Rose M'Carron,U,Ireland
Sarah M'Carron,U,Ireland
William M'Carron,U,Ireland
William M'Adams,U,Ireland
Mary Ellen O'Daire,U,Ireland
John Abbey,U,Ireland
Joseph Abbott,U,Ireland
Percy Murdock Abbott,U,Ireland
Edith Ellen Abel,U,Ireland
Ellen Jane Abernathy,U,Ireland
Leslie J J Abernethy,U,Ireland
Norah Abernethy,U,Ireland
William Abernethy,U,Ireland
Maria Eveline Abraham,U,Ireland
William James Abraham,U,Ireland
Annie Abrams,U,Ireland
Frederick J Ackland,U,Ireland
Ellen Acton,U,Ireland
James Acton,U,Ireland
Agnes Elizabeth Adair,U,Ireland
Agnes Graham Adair,U,Ireland
Helen Adair,U,Ireland
Isaac Adair,U,Ireland
James Adair,U,Ireland
John Frederick Adair,U,Ireland
Mary Walker Adair,U,Ireland
Thomas Adair,U,Ireland
Albert Adams,U,Ireland
Charles Adams,U,Ireland
Charlotte Elizabeth Adams,U,Ireland
Ellen Adams,U,Ireland
Francis Adams,U,Ireland
George Adams,U,Ireland
James Adams,U,Ireland
James Alexander Adams,U,Ireland
Jane Alexandra Adams,U,Ireland
John Adams,U,Ireland
Joseph Adams,U,Ireland
Maggie Adams,U,Ireland
Mary Elizabeth Adams,U,Ireland
Richard Thomas Adams,U,Ireland
Robert Kidd Adams,U,Ireland
Robina Adams,U,Ireland
Dorothy A Adamson,U,Ireland
John Adamson,U,Ireland
Kathleen Sarah Adamson,U,Ireland
Thomas Adamson,U,Ireland
Patrick Habernathy,U,Ireland
Edward M'Adam,U,Ireland
Patrick M'Adam,U,Ireland
Anne M'Carron,U,Ireland
Annie M'Carron,U,Ireland
Bridget M'Carron,U,Ireland
Caitlin Mauria M'Carron,U,Ireland
Maria M'Carron,U,Ireland
Patrick M'Carron,U,Ireland
Patrick M'Carron,U,Ireland
Patrick M'Carron,U,Ireland
Alexander M'Cabe,U,Ireland
Fanny Maggie Adair,U,Ireland
Florence Adair,U,Ireland
Francis Thomas Adair,U,Ireland
Florence Adams,U,Ireland
Frederic Arthur Adams,U,Ireland
Francis John M'Adam,U,Ireland
Female Abbott,U,Ireland
Florence Hilda Grace Adams,U,Ireland
Frederick L M'Adam,U,Ireland
Frances Adams,U,Ireland
Francis M'Cabe,U,Ireland
Female M'Cabe,U,Ireland
Female M'Cabe,U,Ireland
Francis James Abbott,U,Ireland
Florence Adams,U,Ireland
Francis Joseph Adair,U,Ireland
Florence Mary Adamson,U,Ireland
Florence Adair,U,Ireland
Female Adams,U,Ireland
Francis M'Cabe,U,Ireland
Female M'Cabe,U,Ireland
Female M'Cabe,U,Ireland
Florence M'Adam,U,Ireland
Female Adair,U,Ireland
Florence E Akerman,U,Ireland
Fanny Abrams,U,Ireland
Felix Joseph M'Cabe,U,Ireland
Female Adams,U,Ireland
Frederick Adair,U,Ireland
Female M'Cabe,U,Ireland
Frances A Abercombie,U,Ireland
Francis Eccleton,U,Ireland
Female M'Cabe,U,Ireland
Female M'Cabe,U,Ireland
Florence Abernethy,U,Ireland
Fanny Jane Abraham,U,Ireland
Francis Joseph M'Cabe,U,Ireland
Florence M'Carron,U,Ireland
Frederick Leslie Adair,U,Ireland
Fanny Abrahamson,U,Ireland
Florence Margaret Aicken,U,Ireland
Frederick M'Cabe,U,Ireland
Frederick J Ackland,U,Ireland
Francis Adams,U,Ireland
Frederick M'Cabe,U,Ireland
Female M'Cabe,U,Ireland
Female M'Cabe,U,Ireland
Francis M'Cabe,U,Ireland
Francis M'Cabe,U,Ireland
Francis Joseph M'Cabe,U,Ireland
Florence Adams,U,Ireland
Female Abbott,U,Ireland
Female Abbott,U,Ireland
Franklin Manderson Adams,U,Ireland
Frederick Thompson Adams,U,Ireland
Francis M'Cabe,U,Ireland
Florence Adams,U,Ireland
Francis Thomas Adams,U,Ireland
Florence Eileen S Adams,U,Ireland
Frances M'Cabe,U,Ireland
Freda Abrahamovitch,U,Ireland
Francis M'Cabe,U,Ireland
Francis Brendan M'Cabe,U,Ireland
Francis Joseph M'Cabe,U,Ireland
Francis M'Cabe,U,Ireland
Frederick Harrison Adair,U,Ireland
Frank Adams,U,Ireland
Frances A M'Adams,U,Ireland
Florence Kathleen Adams,U,Ireland
Flora Adamson,U,Ireland
Felix M'Cabe,U,Ireland
Finbarr M'Cabe,U,Ireland
Freda Guthrie Adam,U,Ireland
Frederick Cecil Abraham,U,Ireland
Frances M'Cabe,U,Ireland
Georgina Adamson,U,Ireland
Georgina H M'Adam,U,Ireland
George Archibald Abraham,U,Ireland
George Adair,U,Ireland
George M'Cabe,U,Ireland
George M'Adam,U,Ireland
George Aicken,U,Ireland
Grace Isabella Ennis Adair,U,Ireland
George Edward Adams,U,Ireland
George Patrick M'Cabe,U,Ireland
George Adams,U,Ireland
Gerrard M'Cabe,U,Ireland
George Adams,U,Ireland
George Darragh Abernethy,U,Ireland
George Herbert Harrison Adair,U,Ireland
Gilbert M'Carron,U,Ireland
George Abernethy,U,Ireland
George Silvey Adams,U,Ireland
George M'Cabe,U,Ireland
Gerard M'Cabe,U,Ireland
George David Adams,U,Ireland
George M'Carron,U,Ireland
Gwendoline Alice M'Carron,U,Ireland
George Abbott,U,Ireland
George Aicken,U,Ireland
George Abbott,U,Ireland
George Dickson Abernethy,U,Ireland
Guiseppe Taccvella,U,Ireland
Gertrude Selina M'Adam,U,Ireland
George Leslie Adamson,U,Ireland
George Adams,U,Ireland
Grace M'Carron,U,Ireland
Gertrude Esther M'Cabe,U,Ireland
George Stanford Adams,U,Ireland
Gerrard Michael M G M'Cabe,U,Ireland
George Adams,U,Ireland
George Alexander M'Adam,U,Ireland
Gertrude Abraham,U,Ireland
George Acton,U,Ireland
George Eric Abbott,U,Ireland
Gaussen M'Cabe,U,Ireland
George Adams,U,Ireland
Gertrude Adams,U,Ireland
Grace Mary Ebrill,U,Ireland
Grace Elizabeth M'Cabe,U,Ireland
Gordon M'Cabe,U,Ireland
George M'Cabe,U,Ireland
George Aloysius M'Adam,U,Ireland
George Adams,U,Ireland
George Ralph Adams,U,Ireland
George Adamson,U,Ireland
Georgina Acton,U,Ireland
Gladys Wealthy Abraham,U,Ireland
George Adams,U,Ireland
George Mcadam,U,Ireland
Garfield Adair,U,Ireland
George Adair,U,Ireland
Gerard Adamson,U,Ireland
George Orr Adamson,U,Ireland
George Walter Adamson,U,Ireland
George Galway Mcadam,U,Ireland
George Galway Mcadam,U,Ireland
George Henry Abraham,U,Ireland
George Adamson,U,Ireland
George Adair,U,Ireland
George Adams,U,Ireland
George Henry Hayball,U,Ireland
Gerald Desmond Abernethy,U,Ireland
Georgina Adair,U,Ireland
Gerald Adair,U,Ireland
George Adair,U,Ireland
Gertrude Alice Adair,U,Ireland
George Adams,U,Ireland
George Adams,U,Ireland
Grace Aicken,U,Ireland
Herbert Alexander Abbott,U,Ireland
Harriet Adams,U,Ireland
Henrietta Adams,U,Ireland
Harriett Elizabeth M'Cabe,U,Ireland
Helena Margaret M'Cabe,U,Ireland
Hannah Adams,U,Ireland
Henry Adair,U,Ireland
Hugh Thomas Adair,U,Ireland
Hessie Victoria Adamson,U,Ireland
Hugh M'Adam,U,Ireland
Hugh Adair,U,Ireland
Hugh Adair,U,Ireland
Hugh Adamson,U,Ireland
Henry M'Cabe,U,Ireland
Honoria Josephine M'Cabe,U,Ireland
Hugh M'Cabe,U,Ireland
Hugh Adair,U,Ireland
Henry Simpson Adams,U,Ireland
Herbert George Adams,U,Ireland
Hanora Agnes M'Cabe,U,Ireland
Helen Elizabeth M'Cabe,U,Ireland
Hugh Adair,U,Ireland
Hugh M'Cabe,U,Ireland
Herbert Henry Adams,U,Ireland
Henry M'Cabe,U,Ireland
Henry M'Cabe,U,Ireland
Henry Francis M'Cabe,U,Ireland
Hilda Mary Adams,U,Ireland
Hugh Adair,U,Ireland
Howard Abernethy,U,Ireland
Hugh M'Carron,U,Ireland
Hugh M'Cabe,U,Ireland
Hugh Adair,U,Ireland
Henry John Adams,U,Ireland
Hugh M'Cabe,U,Ireland
Hugh Adair,U,Ireland
Henry Joseph Adams,U,Ireland
Henry M'Cabe,U,Ireland
Hubert William Adams,U,Ireland
Hugh Adams,U,Ireland
Herbert Abbott,U,Ireland
Helen Adair,U,Ireland
Hugh M'Cabe,U,Ireland
Hugh Patrick M'Cabe,U,Ireland
Hannah Abernathy,U,Ireland
Henry M'Cabe,U,Ireland
Henry M'Carron,U,Ireland
Hugh Adair,U,Ireland
Henry John Adams,U,Ireland
Hugh Adams,U,Ireland
Herbert Nathaniel Abraham,U,Ireland
Harrison Abraham,U,Ireland
Hugh Adair,U,Ireland
Hamilton Aicken,U,Ireland
Henry Adair,U,Ireland
Herbert Alexander Adams,U,Ireland
Henry Joseph Adamson,U,Ireland
Hugh Alexander Adamson,U,Ireland
Hugh Adair,U,Ireland
Helena M'Cabe,U,Ireland
Henry Edward Abraham,U,Ireland
Hugh M'Cabe,U,Ireland
Hugh M'Cabe,U,Ireland
Hugh M'Cabe,U,Ireland
Hans Lee Adams,U,Ireland
Henry David Adams,U,Ireland
Henry M'Carron,U,Ireland
Hannah M'Cabe,U,Ireland
Henry M'Cabe,U,Ireland
Hannah Jane Abraham,U,Ireland
Hannah Kirkpatrick Adair,U,Ireland
Hannah Vera Adair,U,Ireland
Henry Adair,U,Ireland
Henry Adair,U,Ireland
Henry James M'Cabe,U,Ireland
Isabella Adair,U,Ireland
Isabella Jane M'Cabe,U,Ireland
Isabella Acton,U,Ireland
Isabella Adams,U,Ireland
Isabella Katkleen Adair,U,Ireland
Isabel Abercomby,U,Ireland
Isabella M'Carron,U,Ireland
Isabella Adams,U,Ireland
Isiah B S M'Cabe,U,Ireland
Isabella M'Cabe,U,Ireland
Isaac Adair,U,Ireland
Irwin Abraham,U,Ireland
Isabella Adair,U,Ireland
Isabella M'Adam,U,Ireland
Isabella Adams,U,Ireland
Isabella Adams,U,Ireland
Ida Abraham,U,Ireland
Isabella Adair,U,Ireland
Isabella M'Cabe,U,Ireland
Irene V O M'Cadam,U,Ireland
Isabella Adair,U,Ireland
Isabella Adams,U,Ireland
Irene Abbott,U,Ireland
Isabella M'Carron,U,Ireland
Isabella Adair,U,Ireland
Isabella Abraham,U,Ireland
Isabel P Mcc Adair,U,Ireland
Iris Eileen Aicken,U,Ireland
Isabella Adair,U,Ireland
Isabella Eveline Adair,U,Ireland
Ivy Eileen Adair,U,Ireland
Isabella Adamson,U,Ireland
Isabella Adams,U,Ireland
Isaac Adams,U,Ireland
Isaac Adams,U,Ireland
Isabella Frances Adams,U,Ireland
Isabella Frances Adams,U,Ireland
Ida Victoria Adams,U,Ireland
Iris Muriel Adair,U,Ireland
Irene Abbott,U,Ireland
Irene Adams,U,Ireland
Irene Isobel Adams,U,Ireland
Irene Isobel Adams,U,Ireland
Isabella Adair,U,Ireland
Isobel Margaret Upington,U,Ireland
Isabella Adair,U,Ireland
Ivy Adam,U,Ireland
Isobel Annette Abraham,U,Ireland
Irene Pearl Adair,U,Ireland
Isabella Adair,U,Ireland
Isabella Adams,U,Ireland
Irene Patricia Abbott,U,Ireland
Irene Patricia Abbott,U,Ireland
Irene Patricia Abbott,U,Ireland
Isabella Adams,U,Ireland
Isabella Adams,U,Ireland
Isaac Adair,U,Ireland
Isabella Adams,U,Ireland
Isabella Sloan,U,Ireland
Isabella Sloan,U,Ireland
Isabella Sloan,U,Ireland
Isabella Ellen Sloan,U,Ireland
Isaac Simon Sless,U,Ireland
Isaac Sims,U,Ireland
Isabella Antonetti Slacke,U,Ireland
Isabella Sloan,U,Ireland
Isabella Sloan,U,Ireland
Isabella Sloan,U,Ireland
Isabella Simms,U,Ireland
Irene Ethel Sinclair,U,Ireland
Ivy Maude Sloane,U,Ireland
Irene Esther Isobel Simms,U,Ireland
Isaac Sleator,U,Ireland
Isaac Joseph Sleater,U,Ireland
Isabella Sloan,U,Ireland
Quinn Silvey,U,Ireland
Queenie Mary Aston,U,Ireland
Queenie Finlay,U,Ireland
Queenie Bradshaw,U,Ireland
Queenie Kenny,U,Ireland
Quenton Ross,U,Ireland
Quilla Cafolla,U,Ireland
Quinton Kincaid Hamilton,U,Ireland
Quinta Maud Whitten,U,Ireland
Queenie May Bland,U,Ireland
Quinton Moore Blair,U,Ireland
Quido Nicholas Forte,U,Ireland
Queenie Cousins,U,Ireland
Quinton M'Daid,U,Ireland
Quinton M Daid,U,Ireland
Queenie Cockett,U,Ireland
Quinlan David Sullivan,U,Ireland
Queenie Minnie Clague,U,Ireland
Quieta Maitland N Buchanan,U,Ireland
Queeney May Hobbs,U,Ireland
Quintan Richard Hogan,U,Ireland
Queenie M J Chambers,U,Ireland
Quinten Stevenson M'Fall,U,Ireland
Quinton Morton Falconer,U,Ireland
Quinten Gillespie,U,Ireland
Queenie Maud Lewis,U,Ireland
Queenie Elliman,U,Ireland
Queenie E M Ellis,U,Ireland
Queenie Smith,U,Ireland
Queenie Dickson,U,Ireland
Quinton Doherty,U,Ireland
Quentin Leo Doherty,U,Ireland
Quentin Doherty,U,Ireland
Quinten Donaghy,U,Ireland
Quinlan Dennehy,U,Ireland
Queenie Elsie Mulrainen,U,Ireland
Quinlan Shea,U,Ireland
Quinlan Shea,U,Ireland
Quinlan Shea,U,Ireland
Quinton George Sperin,U,Ireland
Queenie Adeline Spencer,U,Ireland
Queenie Prayer,U,Ireland
Quale Fredrick Webster,U,Ireland
Quintin M'Keever,U,Ireland
Queenie Rebecca E Patrick,U,Ireland
Queenie Paxton,U,Ireland
Quinelda Williamson Lowry,U,Ireland
Queen Mary Scott,U,Ireland
Queenie Patritia Dronin,U,Ireland
Quintin Mcdowell,U,Ireland
Queenie Mary Beech,U,Ireland
Queenie Elizabeth Magill,U,Ireland
Quinlan Murphy,U,Ireland
Quinlan Murphy,U,Ireland
Quinlan Murphy,U,Ireland
Quinlan Murphy,U,Ireland
Queen Alexandra Bennett,U,Ireland
Queen Agnes Hennessy,U,Ireland
Quentin Taggart,U,Ireland
Quinlan Harrington,U,Ireland
Queenie Anderson,U,Ireland
Queenie M J Mccarthy,U,Ireland
Quinlan Mccarthy,U,Ireland
Queenie Victoria Cummins,U,Ireland
Quinlan Mahony,U,Ireland
Queenie Kathleen Rendle,U,Ireland
Quentin Ross,U,Ireland
Queenie Anne Hall,U,Ireland
Quenton Alexander Moore,U,Ireland
Quinton M'Daid,U,Ireland
Queenie Gothard,U,Ireland
Quinlan David Sullivan,U,Ireland
Quinlan David Sullivan,U,Ireland
Quinlan Sullivan,U,Ireland
Queenie Dorothy O'Sullivan,U,Ireland
Yvone E G White,U,Ireland
Yvonne E M Stevenson,U,Ireland
Yvo Victor Stephenson,U,Ireland
Yvonne Mabel Mary Simpson,U,Ireland
Yolande Valerie Stopford,U,Ireland
Yvonne Elsie May Mills,U,Ireland
Yvonne Marie Savage,U,Ireland
*Y Gwendoline,U,Ireland
Yvonne Frances Graham,U,Ireland
Youchvia Miller,U,Ireland
Yvone Waillie,U,Ireland
Yvonne Lockington Flood,U,Ireland
Yvette Nita Audree Fraser,U,Ireland
*Yles,U,Ireland
Yetta Malamed,U,Ireland
Yvonne Jeannette Baker,U,Ireland
Yvonne Elizabeth Lang,U,Ireland
Yvonne Mary Kennedy,U,Ireland
Yvonne Mary Hynes,U,Ireland
Yehua Posner,U,Ireland
Yehus Posner,U,Ireland
Yena Constance Mary Austin,U,Ireland
*Y Gwendoline,U,Ireland
Yolande Noreen Orr W Adams,U,Ireland
*Y Ellen Connor,U,Ireland
*Y Connor,U,Ireland
Young Deane,U,Ireland
Yvonne Edna Davoren,U,Ireland
Young Deane,U,Ireland
Young Deane,U,Ireland
Yvonne Brown,U,Ireland
Yvonne Brown,U,Ireland
Yvonne Muriel Guy,U,Ireland
Yvonne Mildred Metcalfe,U,Ireland
Yvonne Currie,U,Ireland
Yvonne M L Glascott,U,Ireland
Yvonne Sheilah Merriman,U,Ireland
Yvonne V Messrvy,U,Ireland
Yvonne Florence Tinkler,U,Ireland
Yvonne Vallois,U,Ireland
Yvonne Frances Cleaver,U,Ireland
Yovanne Mary Reville,U,Ireland
Yael Goldberg,U,Ireland
Yvonne Hoffmann,U,Ireland
Young Chambers,U,Ireland
Yvonne Mary Allibon,U,Ireland
Yvonne Emily Kirwan,U,Ireland
Yolonda F Marchetti,U,Ireland
Yetta Saphir,U,Ireland
Ynyr Alexander Somerville,U,Ireland
Yvonne M J Mcdonagh,U,Ireland
Yvonne W W Mullen,U,Ireland
Yola Jane Durkin,U,Ireland
Younifa Sheridan,U,Ireland
Yvonna J S Deley,U,Ireland
Young Willis,U,Ireland
Young Willis,U,Ireland
Yolanda Devito,U,Ireland
*Y *Ker,U,Ireland
Yvonne Kelso,U,Ireland
Yvonne Margretta Kelly,U,Ireland
Yoonne Winifred Ledden,U,Ireland
Yvonne Dougall,U,Ireland
Yolande Moira Mageean,U,Ireland
Yvenne F N Mageen,U,Ireland
Yorrick Murrow,U,Ireland
Yvonne Francis Murtagh,U,Ireland
Yeul Noel Mcneill,U,Ireland
Yvonne Mcnulty,U,Ireland
Yvonne Violet Masservy,U,Ireland
Yvo L M Fitzherbert,U,Ireland
Yelverton O'Keeffe Wilson,U,Ireland
Yvonne Adelaide Wilson,U,Ireland
Yvonne Irene Grogan Armstrong,U,Ireland
Yvonne Rubina Coe,U,Ireland
